Priority,Target URL,Page type,Primary keyword,Intent,Volume (AU/month),KD,Link difficulty,Other primary keywords on the page,Anchor ideas (partial / long-tail),Secondary keywords (top 10 by volume with volume),Intent of secondaries
"1","https://doctorsofwhisky.com.au/","Home","glenfiddich","Transactional","14800","27","harder","pinot grigio (8,100) | corona beer (8,100) | kraken rum (8,100) | don julioooo (5,400) | premix king (5,400)","glenfiddich | buy glenfiddich online | glenfiddich Australia | baileys irish cream | belvedere vodka | chandon brut","baileys irish cream (6,600) | belvedere vodka (6,600) | chandon brut (6,600) | ouzo (6,600) | tequila from tequila (6,600) | beer ginger beer (6,600) | jameson whisky (6,600) | johnnie walker blue label (6,600) | cruisers (6,600) | rose wine (6,600)","Commercial"
"2","https://doctorsofwhisky.com.au/shop/beer-premix-wine/","Category","champagne sale","Transactional","590","16","medium","","champagne sale | buy champagne sale online | champagne sale Australia | champagne | red wine | corona beer","champagne (18,100) | red wine (9,900) | corona beer (8,100) | rose wine (6,600) | white wine (6,600) | apple cider (5,400) | somersby apple cider (5,400) | premix king (5,400) | james squire ginger beer (4,400) | sauvignon white wine (4,400)","Commercial / Transactional"
"2","https://doctorsofwhisky.com.au/shop/whisky/","Category","whisky sale","Transactional","480","12","easy","","whisky sale | buy whisky sale online | whisky sale Australia | whisky | scotch | bourbon","whisky (14,800) | scotch (9,900) | bourbon (9,900) | japanese whiskey (4,400) | regal chivas whisky (4,400) | single malt (3,600) | starward whisky (3,600) | irish whiskey (3,600) | lark whisky (3,600) | scotch whisky (2,900)","Commercial / Transactional"
"2","https://doctorsofwhisky.com.au/shop/spirit/","Category","buy rum online","Transactional","480","6","easy","","buy rum online | buy buy rum online online | buy rum online Australia | tequila | gin | smirnoff vodka","tequila (22,200) | gin (14,800) | smirnoff vodka (12,100) | cognac (9,900) | absolut vodka (8,100) | rum (8,100) | kraken rum (8,100) | belvedere vodka (6,600) | pink gin (4,400) | cheap vodka (3,600)","Commercial / Transactional"
"2","https://doctorsofwhisky.com.au/shop/other/","Category","buy soju","Transactional","170","17","medium","","buy soju | buy buy soju online | buy soju Australia | mother energy drink | monster energy drinks | soju alcohol","mother energy drink (2,900) | monster energy drinks (1,900) | soju alcohol (1,600) | white monster energy drink (1,600) | rockstar energy drink (1,600) | jinro soju (1,300) | v energy drinks (1,000) | can of monster energy (880) | sugar free energy drinks (720) | korean wine soju (480)","Transactional / Commercial"
"3","https://doctorsofwhisky.com.au/shop/spirit/collection/ouzo/","Sub-category","ouzo","Commercial","6600","27","harder","","ouzo | buy ouzo online | ouzo Australia | absolut raspberri vodka | tequila azul | best spiced rum","absolut raspberri vodka (390) | tequila azul (390) | best spiced rum (390) | spiced rum the kraken (390) | cognac brandy (390) | baileys chocolate liqueur (390) | vodka cruiser raspberry (320) | best russian vodka (320) | 1 litre smirnoff vodka (320) | smirnoff red label vodka (320)","Commercial"
"3","https://doctorsofwhisky.com.au/shop/beer-premix-wine/collection/grenache/","Sub-category","grenache red","Transactional","1900","15","easy","","grenache red | buy grenache red online | grenache red Australia | less alcohol beer | reduced alcohol beer | sparkling champagne non alcoholic","less alcohol beer (590) | reduced alcohol beer (590) | sparkling champagne non alcoholic (590) | best non alcoholic beer australia (590) | best zero alcohol beer (590) | diet ginger beer (590) | pinot wine red (590) | best white wine (590) | buy white wine online (590) | beer in australia (480)","Commercial"
"3","https://doctorsofwhisky.com.au/shop/beer-premix-wine/collection/pinot-grigio/","Sub-category","wine pinot","Transactional","1600","23","medium","","wine pinot | buy wine pinot online | wine pinot Australia | dark beer | lite beer | full strength beer","dark beer (590) | lite beer (590) | full strength beer (590) | beer with no carbs (590) | pinot gris white wine (320) | white wine pinot grigio (170) | pinot noir wine price (170) | red pinot noir wine (70) | is pinot noir red wine (70) | pinot noir brands (70)","Commercial"
"3","https://doctorsofwhisky.com.au/shop/whisky/collection/rye-whiskey/","Sub-category","whiskey & rye","Transactional","1000","13","easy","","whiskey & rye | buy whiskey & rye online | whiskey & rye Australia | rye whiskey | liquor rye | rye spirit","rye whiskey (1,300) | liquor rye (1,000) | rye spirit (1,000) | sazerac rye (390) | rye whiskey australia (320) | manhattan rye whiskey (260) | knob creek rye (260) | rye bourbon (210) | high west double rye (210) | rye whiskeys (170)","Commercial / Transactional"
"3","https://doctorsofwhisky.com.au/shop/spirit/collection/amaro/","Sub-category","jagermeister price","Transactional","880","13","easy","","jagermeister price | buy jagermeister price online | jagermeister price Australia | campari negroni | jagermeister cost | chartreuse green","campari negroni (1,300) | jagermeister cost (720) | chartreuse green (480) | amaro del capo (390) | vecchio amaro del capo (390) | aperol 1l (320) | aperol spritz pack (320) | aperol aperitivo (260) | italian liqueur amaro (210) | aperol 700ml (210)","Commercial"
"3","https://doctorsofwhisky.com.au/shop/spirit/collection/coffee-liqueur/","Sub-category","kahlua price","Transactional","720","14","easy","","kahlua price | buy kahlua price online | kahlua price Australia | kahlua | kahlua liquor | coffee and liqueur","kahlua (9,900) | kahlua liquor (1,000) | coffee and liqueur (590) | kahlua and coffee liqueur (590) | coffee whiskey (320) | kahlua 1 litre (320) | best coffee liqueur (260) | kahlua liqueur coffee (260) | kahlua 1l (260) | liqueur coffee (210)","Commercial / Transactional"
"3","https://doctorsofwhisky.com.au/shop/spirit/collection/sambuca/","Sub-category","galliano sambuca","Transactional","720","12","easy","","galliano sambuca | buy galliano sambuca online | galliano sambuca Australia | galliano black sambuca | white sambuca | alcohol in sambuca","galliano black sambuca (480) | white sambuca (320) | alcohol in sambuca (210) | sambuca white (210) | opal nera black sambuca (170) | sambuca galliano (140) | galliano black sambuca 700ml price (90) | black sambuca 1 litre (90) | blue sambuca (90) | galliano white sambuca (90)","Commercial"
"3","https://doctorsofwhisky.com.au/shop/beer-premix-wine/collection/non-alcoholic-beer/","Sub-category","zero beer","Transactional","720","28","harder","","zero beer | buy zero beer online | zero beer Australia | zero alcohol beer | alcohol free wine | non alcoholic beverages","zero alcohol beer (1,600) | alcohol free wine (1,000) | non alcoholic beverages (880) | non wine (880) | non alcoholic gin (880) | zero alcohol wine (880) | best non alcoholic wine (880) | alcohol free beer (880) | low alcohol beer (720) | non alcoholic red wine (590)","Commercial"
"3","https://doctorsofwhisky.com.au/shop/beer-premix-wine/collection/vodka-premix/","Sub-category","vodka cruiser 24 pack prices","Transactional","720","14","easy","","vodka cruiser 24 pack prices | buy vodka cruiser 24 pack prices online | vodka cruiser 24 pack prices Australia | cruiser | premix king | cruiser vodka","cruiser (5,400) | premix king (5,400) | cruiser vodka (1,600) | premixed drinks (1,300) | premix king punchbowl (1,000) | cruiser drink (720) | vodka cruiser 4 pack (720) | vodka cruiser double (720) | double vodka cruisers (590) | tequila premix (480)","Commercial / Transactional"
"3","https://doctorsofwhisky.com.au/shop/beer-premix-wine/collection/zero-sugar-seltzers/","Sub-category","sprite zero","Transactional","720","26","harder","","sprite zero | buy sprite zero online | sprite zero Australia | sugar free syrup | no sugar chocolate | sugar free energy drinks","sugar free syrup (1,600) | no sugar chocolate (880) | sugar free energy drinks (720) | red bull no sugar (720) | red bull sugar free (720) | sugar free (720) | sugar free v (720) | hard rated zero sugar (720) | no sugar lollies (720) | solo zero sugar (590)","Commercial"
"3","https://doctorsofwhisky.com.au/shop/beer-premix-wine/collection/lager/","Sub-category","beer sale","Transactional","590","18","medium","","beer sale | buy beer sale online | beer sale Australia | corona beer | low carb beer | heineken beer","corona beer (8,100) | low carb beer (2,900) | heineken beer (2,900) | flavoured beer (2,400) | beer flavours (2,400) | carb friendly beer (2,400) | aussie beer (1,600) | mountain goat beer (1,600) | stone and wood beer (1,300) | beer mx (1,300)","Transactional / Commercial"
"3","https://doctorsofwhisky.com.au/shop/beer-premix-wine/collection/red-wine/","Sub-category","buy red wine","Transactional","590","27","harder","","buy red wine | buy buy red wine online | buy red wine Australia | red wine | rose wine | white wine","red wine (9,900) | rose wine (6,600) | white wine (6,600) | wine delivery (3,600) | wine deals (2,400) | carbonated wine (2,400) | grenache red (1,900) | chardonnay wine (1,600) | wine pinot (1,600) | red wine au (1,000)","Commercial / Transactional"
"3","https://doctorsofwhisky.com.au/shop/beer-premix-wine/collection/low-carb-beer/","Sub-category","hahn super dry low carb","Transactional","590","10","easy","","hahn super dry low carb | buy hahn super dry low carb online | hahn super dry low carb Australia | low carb beers | best low carb beer australia | low calorie beer australia","low carb beers (720) | best low carb beer australia (590) | low calorie beer australia (590) | best low carb beer (480) | beer that is low in carbs (480) | beers that are low in carbs (480) | low carb diet beer (480) | zero carb beer australia (480) | lowest calorie beer australia (480) | low carb beers australia (390)","Commercial"
"3","https://doctorsofwhisky.com.au/shop/whisky/collection/scotch-whisky/","Sub-category","whiskey sale","Transactional","480","18","medium","","whiskey sale | buy whiskey sale online | whiskey sale Australia | whisky | scotch | japanese whiskey","whisky (14,800) | scotch (9,900) | japanese whiskey (4,400) | regal chivas whisky (4,400) | single malt (3,600) | scotch whisky (2,900) | hibiki whiskey (2,900) | bourbon whiskey (2,400) | single malt whiskey (2,400) | macallan whiskey (1,900)","Commercial / Transactional"
"3","https://doctorsofwhisky.com.au/shop/spirit/collection/french-vodka/","Sub-category","buy vodka","Transactional","480","18","medium","","buy vodka | buy buy vodka online | buy vodka Australia | smirnoff vodka | absolut vodka | cheap vodka","smirnoff vodka (12,100) | absolut vodka (8,100) | cheap vodka (3,600) | absolute vodka (2,400) | cruiser vodka (1,600) | vodka bottle (1,300) | tito's vodka (1,000) | gray goose vodka 1 liter (880) | vodka 1l (880) | vodka smirnoff (720)","Commercial / Transactional"
"3","https://doctorsofwhisky.com.au/shop/spirit/collection/spiced-rum/","Sub-category","buy rum","Transactional","480","13","easy","","buy rum | buy buy rum online | buy rum Australia | rum | kraken rum | spiced rum","rum (8,100) | kraken rum (8,100) | spiced rum (2,400) | captain morgan spiced rum (2,400) | bacardi white rum (1,900) | rum with spices (1,900) | coconut rum (1,600) | kraken black spiced rum (1,600) | bacardi rum (1,300) | dark rum (1,300)","Commercial / Transactional"
"3","https://doctorsofwhisky.com.au/shop/spirit/collection/gin/","Sub-category","buy gin online","Transactional","480","16","medium","","buy gin online | buy buy gin online online | buy gin online Australia | pink gin | gin gifts | gin gifts australia","pink gin (4,400) | gin gifts (2,400) | gin gifts australia (2,400) | gin gift packs (1,900) | gin delivery (1,600) | gin gift set australia (1,600) | australian gin (1,000) | dry gin (880) | gin brands (720) | gin gift pack (590)","Transactional / Commercial"
"3","https://doctorsofwhisky.com.au/shop/spirit/collection/baileys-irish-cream/","Sub-category","baileys price","Transactional","480","15","easy","","baileys price | buy baileys price online | baileys price Australia | baileys | baileys irish cream | baileys irish cream whiskey","baileys (22,200) | baileys irish cream (6,600) | baileys irish cream whiskey (2,900) | irish cream (1,300) | jameson irish whiskey (1,300) | baileys irish cream 1l (720) | baileys 1l (720) | baileys irish cream 1 litre (590) | baileys irish cream 1 litre best price (590) | baileys 700ml (590)","Commercial / Transactional"
"3","https://doctorsofwhisky.com.au/shop/spirit/collection/orange-liqueur/","Sub-category","cointreau price","Transactional","480","12","easy","","cointreau price | buy cointreau price online | cointreau price Australia | saint germain cafe | st germain cafe | cointreau 700ml","saint germain cafe (1,300) | st germain cafe (720) | cointreau 700ml (590) | orange flavoured liqueur (480) | cointreau 1l (390) | orange liqueurs (390) | chandon orange spritz (320) | cointreau 1 ltr (260) | cointreau specials (260) | cointreau 1 litre best price (260)","Commercial"
"3","https://doctorsofwhisky.com.au/shop/beer-premix-wine/collection/white-wine/","Sub-category","wine sale","Transactional","480","17","medium","","wine sale | buy wine sale online | wine sale Australia | sauvignon blanc | sauvignon white wine | sparkling wine","sauvignon blanc (8,100) | sauvignon white wine (4,400) | sparkling wine (3,600) | wine white wines (3,600) | dry white wine (3,600) | wine pinot (1,600) | white wines (1,300) | sweet white wine (1,300) | merlot wine (1,300) | sauvignon blanc wine (1,300)","Commercial / Transactional"
"3","https://doctorsofwhisky.com.au/shop/beer-premix-wine/collection/australian-beer/","Sub-category","beer prices","Transactional","480","18","medium","","beer prices | buy beer prices online | beer prices Australia | balter cerveza | mountain goat beer | india pale ale beer","balter cerveza (3,600) | mountain goat beer (1,600) | india pale ale beer (1,300) | 4 pines pacific ale case price (1,000) | coopers lager (880) | radler beer (880) | beer flavored (720) | balter beer australia (720) | best aussie beer (720) | ipa on beer (720)","Transactional / Commercial"
"3","https://doctorsofwhisky.com.au/shop/spirit/collection/pink-gin/","Sub-category","gin sale","Transactional","480","20","medium","","gin sale | buy gin sale online | gin sale Australia | pink gin | gin cans | bottle of gin","pink gin (4,400) | gin cans (390) | bottle of gin (390) | gin presents (390) | glas gin tonic (390) | good gin (390) | sydney gin (390) | premix gin (320) | gin price (320) | gin 1l (320)","Transactional / Commercial"
"3","https://doctorsofwhisky.com.au/shop/beer-premix-wine/collection/cabernet-sauvignon/","Sub-category","red wine cabernet","Transactional","480","15","easy","","red wine cabernet | buy red wine cabernet online | red wine cabernet Australia | red wines cabernet | cab sauv red wine | cab sav red wine","red wines cabernet (320) | cab sauv red wine (260) | cab sav red wine (170) | cabernet dry red wine (170) | red wine cabernet sauvignon (110) | red cabernet wine (90) | red wine cab sav (90) | cab wine (70) | bordeaux cabernet (70) | bordeaux wine cabernet sauvignon (70)","Commercial"
"3","https://doctorsofwhisky.com.au/shop/spirit/collection/white-tequila/","Sub-category","buy tequila online","Transactional","390","7","easy","","buy tequila online | buy buy tequila online online | buy tequila online Australia | clase azul tequila | azul tequila | sierra tequila","clase azul tequila (2,400) | azul tequila (2,400) | sierra tequila (1,600) | blanco tequila (1,000) | patrón tequila (720) | tequila blanco (720) | tequila reposado (590) | silver tequila (590) | casamigos reposado tequila (590) | tequila bottle (590)","Commercial"
"3","https://doctorsofwhisky.com.au/shop/spirit/collection/cognac-brandy/","Sub-category","buy brandy online","Transactional","390","6","easy","","buy brandy online | buy buy brandy online online | buy brandy online Australia | hennessy xo | martell | martell blue swift","hennessy xo (2,400) | martell (1,900) | martell blue swift (1,900) | martell swift blue (1,600) | hennessy cognac (1,600) | martell vsop (880) | martell xo (880) | hennessy vs cognac (590) | martell cordon bleu (590) | brandy alcohol (480)","Commercial / Transactional"
"3","https://doctorsofwhisky.com.au/shop/beer-premix-wine/collection/sparkling/","Sub-category","buy sparkling wine online","Transactional","390","12","easy","","buy sparkling wine online | buy buy sparkling wine online online | buy sparkling wine online Australia | bird in hand sparkling | coopers sparkling ale | sparkling shiraz","bird in hand sparkling (2,900) | coopers sparkling ale (1,900) | sparkling shiraz (1,600) | sparkling (1,300) | sparkling red wine (1,000) | australian sparkling wine (880) | sparkling wines (720) | sparkling mineral water (720) | arras sparkling wine (720) | sparkling red (590)","Transactional / Commercial"
"3","https://doctorsofwhisky.com.au/shop/spirit/collection/vodka/","Sub-category","buy vodka online","Transactional","390","11","easy","","buy vodka online | buy buy vodka online online | buy vodka online Australia | smirnoff | smirnoff ice | smirnoff liquor","smirnoff (5,400) | smirnoff ice (5,400) | smirnoff liquor (3,600) | smirnoff double black (2,900) | cruiser vodka (1,600) | smirnoff 700ml (590) | vodka and prices (390) | vodka low cost (390) | vodka flavours (390) | 1 liter vodka (320)","Commercial / Transactional"
"3","https://doctorsofwhisky.com.au/shop/spirit/collection/liqueur/","Sub-category","kahlua liqueur price","Transactional","390","12","easy","","kahlua liqueur price | buy kahlua liqueur price online | kahlua liqueur price Australia | sour apple liqueur | peach liqueur | whiskey liqueur","sour apple liqueur (480) | peach liqueur (480) | whiskey liqueur (390) | cream liqueur liqueurs (390) | ginger liqueur (320) | caramel liqueur (210) | chartreuse green liqueur (170) | bols curacao liqueur (170) | chocolate mint liqueur (170) | whisky liqueur (170)","Commercial"
"3","https://doctorsofwhisky.com.au/shop/beer-premix-wine/collection/german-beer/","Sub-category","beer price in australia","Transactional","390","17","medium","","beer price in australia | buy beer price in australia online | beer price in australia Australia | tiger beer | mountain goat beer | chang beer","tiger beer (2,900) | mountain goat beer (1,600) | chang beer (1,300) | stone wood beer (1,000) | leffe beer (480) | emu export beer (480) | ichnusa beer (480) | beer australia (390) | beer slab (390) | larger beer (320)","Transactional / Commercial"
"3","https://doctorsofwhisky.com.au/shop/spirit/collection/russian-vodka/","Sub-category","vodka sale","Transactional","320","15","easy","","vodka sale | buy vodka sale online | vodka sale Australia | cruiser vodka | vodka to drink | crystal head vodka","cruiser vodka (1,600) | vodka to drink (1,000) | crystal head vodka (880) | polish vodka (720) | russian vodka (720) | smirnoff vodka 1 litre (720) | 1l vodka (590) | 700ml vodka (590) | absolut vanilla vodka (590) | vodka 1 litre (590)","Transactional / Commercial"
"3","https://doctorsofwhisky.com.au/shop/spirit/collection/grey-goose/","Sub-category","grey goose bottle","Transactional","320","22","medium","","grey goose bottle | buy grey goose bottle online | grey goose bottle Australia | grey goose 1l | grey goose 1 litre | 1l grey goose","grey goose 1l (1,600) | grey goose 1 litre (880) | 1l grey goose (720) | grey grouse scotch (320) | gray goose 1l (260) | grey goose cost (260) | gray goose cost (260) | price of grey goose vodka 1 litre (260) | 1 liter grey goose (260) | grey goose 1 litre best price (260)","Commercial"
"3","https://doctorsofwhisky.com.au/shop/spirit/collection/don-julio/","Sub-category","don julio 1942 price","Transactional","320","14","easy","","don julio 1942 price | buy don julio 1942 price online | don julio 1942 price Australia | don julio | don julio 1942 | don julio tequila","don julio (8,100) | don julio 1942 (5,400) | don julio tequila (1,600) | 1942 tequila (1,000) | don julio brands (1,000) | 1942 don julio (720) | don julio reposado (720) | reposado don julio (720) | 1942 tequila anejo (720) | tequila don julio reposado (590)","Commercial / Transactional"
"3","https://doctorsofwhisky.com.au/shop/spirit/collection/gold-tequila/","Sub-category","buy tequila","Transactional","320","11","easy","","buy tequila | buy buy tequila online | buy tequila Australia | 1800 anejo | tequila 1800 | white tequila","1800 anejo (590) | tequila 1800 (590) | white tequila (390) | tequila sierra (390) | captain morgan spiced gold (390) | 1800 silver tequila (320) | gold label whiskey (320) | tequila 1l (320) | tequila bottles (320) | tequila specials (320)","Commercial"
"3","https://doctorsofwhisky.com.au/shop/whisky/collection/irish-whiskey/","Sub-category","whiskey deals","Transactional","320","18","medium","","whiskey deals | buy whiskey deals online | whiskey deals Australia | irish whiskey | bushmills whiskey | jameson irish whiskey","irish whiskey (3,600) | bushmills whiskey (1,300) | jameson irish whiskey (1,300) | redbreast whiskey (1,000) | premium scotch whiskey (880) | glenfiddich whiskey (590) | whiskey from ireland (590) | irish whiskey brands (590) | redbreast irish whiskey (590) | scotch and whiskey blend (590)","Commercial / Transactional"
"3","https://doctorsofwhisky.com.au/shop/spirit/collection/polish-vodka/","Sub-category","vodka for sale","Transactional","260","14","easy","","vodka for sale | buy vodka for sale online | vodka for sale Australia | ciroc vodka | ketel one vodka | belvedere vodka 1l","ciroc vodka (1,900) | ketel one vodka (880) | belvedere vodka 1l (590) | flavoured vodka (590) | polish beer (480) | lychee vodka (390) | titos vodka (390) | 500ml vodka (390) | blck vodka (320) | wyborowa vodka (320)","Commercial"
"3","https://doctorsofwhisky.com.au/shop/spirit/collection/baijiu/","Sub-category","moutai price","Transactional","260","17","medium","","moutai price | buy moutai price online | moutai price Australia | coffee liqueur | orange liqueur | germain liqueur","coffee liqueur (2,900) | orange liqueur (2,400) | germain liqueur (1,900) | black sambuca (1,300) | black bottle brandy (1,000) | kweichow moutai (1,000) | cherry brandy (880) | baileys liqueur (880) | hazelnut liqueur (880) | sky vodka (720)","Commercial / Transactional"
"3","https://doctorsofwhisky.com.au/shop/spirit/collection/absinthe/","Sub-category","buy absinthe","Transactional","260","16","medium","","buy absinthe | buy buy absinthe online | buy absinthe Australia | baileys irish cream liqueur 1 litre | baileys liqueur 1l | baileys liqueur 1 litre","baileys irish cream liqueur 1 litre (480) | baileys liqueur 1l (480) | baileys liqueur 1 litre (480) | cream liqueur (480) | galliano and sambuca (480) | absinthe australia (320) | absinthe green fairy (320) | absinthe alcohol green fairy (260) | green fairy drink absinthe (260) | black absinthe (210)","Commercial"
"3","https://doctorsofwhisky.com.au/shop/spirit/collection/limoncello/","Sub-category","limoncello buy","Transactional","260","7","easy","","limoncello buy | buy limoncello buy online | limoncello buy Australia | best limoncello | manly spirits limoncello | de bortoli limoncello spritz","best limoncello (390) | manly spirits limoncello (390) | de bortoli limoncello spritz (390) | limoncello liqueur alcohol content (320) | limoncello alcohol volume (320) | luxardo limoncello (320) | solbevi limoncello (260) | top rated limoncello (210) | best limoncello liqueur (210) | luxardo limoncello liqueur (210)","Commercial"
"3","https://doctorsofwhisky.com.au/shop/beer-premix-wine/collection/pilsner/","Sub-category","beer pilsner","Commercial","260","11","easy","","beer pilsner | buy beer pilsner online | beer pilsner Australia | light beer australia | lime beer | non alcoholic wine drinks","light beer australia (480) | lime beer (480) | non alcoholic wine drinks (480) | 0 alcohol beer (480) | alcohol free red wine (480) | beer for gluten free (480) | gluten and wheat free beer (480) | alcohol ginger beer (480) | hard ginger beer (480) | spicy ginger beer (480)","Commercial"
"3","https://doctorsofwhisky.com.au/shop/whisky/collection/bourbon/","Sub-category","buy bourbon online","Transactional","210","6","easy","","buy bourbon online | buy buy bourbon online online | buy bourbon online Australia | bourbon | bourbon brands | bourbon whiskey kentucky straight","bourbon (9,900) | bourbon brands (2,900) | bourbon whiskey kentucky straight (1,900) | buffalo trace bourbon (1,900) | jim beam bourbon whiskey (1,600) | whisky buffalo trace bourbon (1,600) | whiskey bourbon jim beam (1,300) | wild turkey bourbon (1,300) | buffalo trace kentucky bourbon (1,300) | bulleit bourbon (1,000)","Commercial"
"3","https://doctorsofwhisky.com.au/shop/spirit/collection/white-rum/","Sub-category","rum for sale","Transactional","210","12","easy","","rum for sale | buy rum for sale online | rum for sale Australia | kraken rum | kraken black spiced rum | havana club rum","kraken rum (8,100) | kraken black spiced rum (1,600) | havana club rum (590) | light rum (590) | op rum (590) | black rum (480) | overproof rum (480) | rum in a bottle (480) | black spiced rum kraken (480) | bundaberg red rum (480)","Transactional / Commercial"
"3","https://doctorsofwhisky.com.au/shop/beer-premix-wine/collection/ginger-beer/","Sub-category","buy ginger beer","Transactional","210","12","easy","","buy ginger beer | buy buy ginger beer online | buy ginger beer Australia | james squire ginger beer | alcoholic ginger beer | brookvale union ginger beer","james squire ginger beer (4,400) | alcoholic ginger beer (3,600) | brookvale union ginger beer (3,600) | ginger beer alcoholic (2,400) | brookvale ginger beer (1,900) | great northern ginger beer (1,300) | matso ginger beer (1,300) | green ginger (1,300) | matso's ginger beer (1,000) | green ginger wine (1,000)","Commercial / Transactional"
"3","https://doctorsofwhisky.com.au/shop/spirit/collection/belvedere/","Sub-category","belvedere vodka price","Transactional","170","9","easy","","belvedere vodka price | buy belvedere vodka price online | belvedere vodka price Australia | belvedere vodka | belvedere vodka 700ml | belvedere 1l","belvedere vodka (6,600) | belvedere vodka 700ml (590) | belvedere 1l (390) | the belvedere reviews (390) | belvedere apartments (390) | belvedere vodka 1 litre (320) | belvedere organic vodka (170) | belvedere rd (170) | belvedere cost (140) | belvedere 700ml (140)","Commercial"
"3","https://doctorsofwhisky.com.au/shop/beer-premix-wine/collection/imported-beer/","Sub-category","buy australian beer online","Transactional","170","15","easy","","buy australian beer online | buy buy australian beer online online | buy australian beer online Australia | tiger beer | modelo beer | german beer","tiger beer (2,900) | modelo beer (2,400) | german beer (2,400) | ipa ale beer (1,900) | pale ale style beer (1,900) | peroni beer (1,600) | mythos beer (1,300) | xpa beer (1,300) | chang beer (1,300) | india pale ale beer (1,300)","Transactional / Commercial"
"3","https://doctorsofwhisky.com.au/shop/beer-premix-wine/collection/champagne/","Sub-category","champagne for sale","Transactional","170","19","medium","","champagne for sale | buy champagne for sale online | champagne for sale Australia | nice champagne | champagne price | janz champagne","nice champagne (480) | champagne price (390) | janz champagne (390) | bottle of champagne (390) | french champagne specials (390) | champagne cheap (320) | sweet champagne australia (260) | champagne on special (260) | miniature champagne (210) | champagne australia (170)","Commercial"
"3","https://doctorsofwhisky.com.au/shop/spirit/collection/patron/","Sub-category","patron price","Transactional","140","10","easy","","patron price | buy patron price online | patron price Australia | patron | patron tequila | cafe patron","patron (8,100) | patron tequila (3,600) | cafe patron (1,600) | xo tequila patron cafe (1,300) | patron silver (1,000) | patron silver tequila (720) | patron coffee (720) | silver patron (590) | coffee patron (590) | tequila patron (480)","Commercial"
"3","https://doctorsofwhisky.com.au/shop/spirit/collection/cinnamon-liqueur/","Sub-category","cinnamon liqueur","Transactional","110","10","easy","","cinnamon liqueur | buy cinnamon liqueur online | cinnamon liqueur Australia | vodka premix | vodka cans | ratu spiced rum","vodka premix (590) | vodka cans (590) | ratu spiced rum (590) | pineapple rum (590) | chartreuse liqueur green (590) | sambuca black (590) | banana liqueur (590) | vodka absolut (480) | mini vodka (480) | skull head vodka (480)","Commercial"
"3","https://doctorsofwhisky.com.au/shop/other/collection/mixers-water-condiments/","Sub-category","water prices","Transactional","110","14","easy","","water prices | buy water prices online | water prices Australia | mother energy drink | monster energy drinks | white monster energy drink","mother energy drink (2,900) | monster energy drinks (1,900) | white monster energy drink (1,600) | rockstar energy drink (1,600) | v energy drinks (1,000) | can of monster energy (880) | energy drinks australia (480) | monster energy drink peach (480) | water outages (480) | sugar free energy drink (390)","Transactional / Commercial"
"3","https://doctorsofwhisky.com.au/shop/whisky/collection/japanese-whisky/","Sub-category","buy japanese whisky online","Transactional","90","5","easy","","buy japanese whisky online | buy buy japanese whisky online online | buy japanese whisky online Australia | japanese whisky | suntory 196 | japanese gin","japanese whisky (2,400) | suntory 196 (2,400) | japanese gin (1,600) | nikka from the barrel (1,300) | nikka whiskey (1,300) | hibiki whisky (1,000) | yamazaki whiskey (1,000) | nikka whisky (720) | hibiki suntory whisky (590) | nikka whisky from the barrel (590)","Commercial / Transactional"
"3","https://doctorsofwhisky.com.au/shop/spirit/collection/jose-cuervo/","Sub-category","jose cuervo blue agave tequila","Transactional","90","13","easy","","jose cuervo blue agave tequila | buy jose cuervo blue agave tequila online | jose cuervo blue agave tequila Australia | jose cuervo | jose cuervo tequila | jose cuervo 1l","jose cuervo (2,400) | jose cuervo tequila (1,000) | jose cuervo 1l (260) | cuervo tequila (210) | jose cuervo silver (210) | jose cuervo blue agave (210) | jose cuervo tequila silver (170) | jose cuervo especial blue agave (170) | jose cuervo marg (140) | john cuervo tequila (110)","Commercial"
"3","https://doctorsofwhisky.com.au/shop/beer-premix-wine/collection/rose-wine/","Sub-category","buy sparkling rose online","Transactional","90","8","easy","","buy sparkling rose online | buy buy sparkling rose online online | buy sparkling rose online Australia | champagne | sparkling rose | rose fizzy wine","champagne (18,100) | sparkling rose (1,000) | rose fizzy wine (1,000) | sparkling rose wine (720) | rose sparkling wine (590) | bird in hand sparkling rose (320) | rose sparkle (320) | chandon rose sparkling wine (260) | rose prosecco (210) | prosecco rose wine (170)","Commercial"
"3","https://doctorsofwhisky.com.au/shop/whisky/collection/australian-whisky/","Sub-category","lark gift pack","Transactional","70","5","easy","","lark gift pack | buy lark gift pack online | lark gift pack Australia | starward whisky | lark whisky | lark whiskey","starward whisky (3,600) | lark whisky (3,600) | lark whiskey (1,000) | lark classic cask (480) | best australian whisky (390) | australian whiskey brands (320) | australian single malt whisky (320) | best australian scotch (320) | australian spirits (320) | australian single malt whiskey (260)","Commercial / Transactional"
"3","https://doctorsofwhisky.com.au/shop/spirit/collection/mezcal/","Sub-category","buy mezcal online australia","Transactional","70","6","easy","","buy mezcal online australia | buy buy mezcal online australia online | buy mezcal online australia Australia | tequila | gin | cognac","tequila (22,200) | gin (14,800) | cognac (9,900) | mezcal vs tequila (880) | 400 conejos mezcal (170) | kimo sabe mezcal (140) | madre mezcal (140) | tequila vs mezcal (110) | mezcal brands (90) | mezcal australia (70)","Commercial"
"3","https://doctorsofwhisky.com.au/shop/beer-premix-wine/collection/cider/","Sub-category","somersby cider bottle","Transactional","70","10","easy","","somersby cider bottle | buy somersby cider bottle online | somersby cider bottle Australia | bilpin cider | mercury hard cider | apple cider alcohol","bilpin cider (3,600) | mercury hard cider (1,000) | apple cider alcohol (880) | craft cider (880) | hard cider (880) | pure blonde cider (880) | magners cider (720) | 5 seeds cider (720) | hardcore cider (720) | somersby apple cider 10 pack (720)","Transactional / Commercial"
"3","https://doctorsofwhisky.com.au/shop/spirit/collection/rum/","Sub-category","bottle of malibu rum","Transactional","70","11","easy","","bottle of malibu rum | buy bottle of malibu rum online | bottle of malibu rum Australia | kraken rum | kraken black spiced rum | rum australia","kraken rum (8,100) | kraken black spiced rum (1,600) | rum australia (390) | rum brands (390) | kraken coffee rum (390) | banana rum (390) | black bart rum (390) | rum cans (390) | rum kraken spiced (390) | bacardi rum superior white (320)","Transactional / Commercial"
"3","https://doctorsofwhisky.com.au/shop/beer-premix-wine/collection/sauvignon-blanc/","Sub-category","premium sauvignon blanc","Transactional","70","11","easy","","premium sauvignon blanc | buy premium sauvignon blanc online | premium sauvignon blanc Australia | sauvignon white wine | sauvignon blanc wine | sauvignon red wine","sauvignon white wine (4,400) | sauvignon blanc wine (1,300) | sauvignon red wine (480) | sauvignon blanc white wine (480) | sauvignon blanc dry white wine (260) | sauvignon blanc for cooking (210) | sauvignon blanc wine price (210) | wine cabernet sauvignon (210) | red sauvignon wine (170) | dry red wine cabernet sauvignon (170)","Transactional / Commercial"
"3","https://doctorsofwhisky.com.au/shop/other/collection/soju/","Sub-category","soju buy","Transactional","50","17","medium","","soju buy | buy soju buy online | soju buy Australia | soju alcohol | jinro soju | korean wine soju","soju alcohol (1,600) | jinro soju (1,300) | korean wine soju (480) | soju bottle (480) | soju price (480) | lychee soju (480) | grape soju (390) | soju lychee (390) | chamisul soju (260) | good day soju (260)","Commercial / Transactional"
"3","https://doctorsofwhisky.com.au/shop/beer-premix-wine/collection/prosecco/","Sub-category","cora prosecco","Transactional","50","8","easy","","cora prosecco | buy cora prosecco online | cora prosecco Australia | no carb beer | low carb beer australia | lowest calorie beer","no carb beer (880) | low carb beer australia (880) | lowest calorie beer (880) | menabrea beer (880) | rose a wine (880) | 0 carb beer (720) | white rabbit beer (720) | hoegaarden beer (720) | malbec red wine (720) | beer carton (590)","Commercial"
"3","https://doctorsofwhisky.com.au/shop/beer-premix-wine/collection/port-wine/","Sub-category","port wine","—","","","unknown","","port wine | buy port wine online | port wine Australia | apple cider | somersby apple cider | somersby cider","apple cider (5,400) | somersby apple cider (5,400) | somersby cider (1,900) | mercury cider (1,600) | strongbow cider (1,600) | beer for cheap (1,000) | aus lager (1,000) | light beer (1,000) | lightweight beer (1,000) | carbless beer (1,000)","Commercial"
"4","https://doctorsofwhisky.com.au/blog/guide-to-australian-craft-cider/","Blog","cider","Informational","40500","24","medium","","cider | buy cider online | cider Australia | cider australia | pear cider | rose cider","cider australia (2,400) | pear cider (1,300) | rose cider (590) | hills cider (480) | magners hard cider (480) | apple cider beer (480) | thatchers cider (480) | carmel cider co (480) | mr finch cider (480) | cider core house (390)","Informational / Navigational"
"4","https://doctorsofwhisky.com.au/blog/best-mixers-for-home-bar/","Blog","ginger beer","Informational","9900","25","harder","","ginger beer | buy ginger beer online | ginger beer Australia | matsos ginger beer | alcoholic ginger beer plant | ginger beer recipe","matsos ginger beer (3,600) | alcoholic ginger beer plant (1,900) | ginger beer recipe (720) | is ginger beer alcoholic (720) | non alcoholic ginger beer (720) | how to make ginger beer (590) | seoul tonic (590) | low sugar ginger beer (480) | bombay gin and tonic (390) | does ginger beer have alcohol (390)","Informational / Navigational"
"4","https://doctorsofwhisky.com.au/blog/what-is-vermouth-sweet-dry-cocktails/","Blog","vermouth","Informational","9900","19","medium","","vermouth | buy vermouth online | vermouth Australia | amaro | sweet vermouth | amaro montenegro","amaro (3,600) | sweet vermouth (2,400) | amaro montenegro (2,400) | aperol cocktails (1,000) | amaro nonino (880) | aperol drink (880) | green chartreuse (880) | cinzano vermouth (590) | dolin vermouth (480) | martini rosso vermouth (260)","Informational"
"4","https://doctorsofwhisky.com.au/blog/vodka-brands-absolut-skyy-titos-how-to-choose/","Blog","absolut vodka","Commercial","8100","17","medium","","absolut vodka | buy absolut vodka online | absolut vodka Australia | vodka cruiser | vodka cruisers | skyy liquor","vodka cruiser (9,900) | vodka cruisers (2,400) | skyy liquor (1,300) | vodka o (1,300) | sirocco vodka (1,000) | vodka cruiser flavours (880) | reyka vodka (720) | black vodka (720) | bison grass vodka (720) | zubrowka bison grass vodka (720)","Informational / Navigational"
"4","https://doctorsofwhisky.com.au/blog/popular-liqueurs-licor-43-sour-puss-elderflower-amaretto/","Blog","sour puss","Informational","8100","14","easy","","sour puss | buy sour puss online | sour puss Australia | liqueur amaretto | licor 43 | elderflower liqueur","liqueur amaretto (6,600) | licor 43 (4,400) | elderflower liqueur (3,600) | liqueur (2,900) | amaretto liqueur (1,900) | cherry liqueur (1,600) | caffe liqueur (1,600) | frangelico liqueur (1,300) | disaronno amaretto (1,000) | triple sec liqueur (880)","Informational"
"4","https://doctorsofwhisky.com.au/blog/grey-goose-vs-belvedere-vodka-compared/","Blog","grey goose","Informational","6600","28","harder","","grey goose | buy grey goose online | grey goose Australia | grey goose liquor | belvedere reservation | belvedere griffith","grey goose liquor (2,900) | belvedere reservation (1,300) | belvedere griffith (1,300) | belvedere reserve (720) | belvedere woody point (590) | the belvedere at toscana (590) | the belvedere oxley avenue woody point qld (590) | grey goose lemon ace (590) | belvedere redcliffe (480) | the belvedere photos (390)","Informational / Navigational"
"4","https://doctorsofwhisky.com.au/blog/pinot-grigio-vs-pinot-gris-italy-guide/","Blog","pinot gris","Informational","5400","17","medium","","pinot gris | buy pinot gris online | pinot gris Australia | pinot gris and grigio | pinot gris grigio | pinot gris wine","pinot gris and grigio (4,400) | pinot gris grigio (720) | pinot gris wine (590) | oyster bay pinot noir (590) | sparkling pinot noir (390) | sticks pinot noir (390) | pinot grigio gris (320) | sparkling chardonnay pinot noir (320) | pinot noir for beef bourguignon (320) | pinot grigio italy (260)","Informational"
"4","https://doctorsofwhisky.com.au/blog/white-spiced-dark-rum-guide/","Blog","white rum","Informational","4400","14","easy","","white rum | buy white rum online | white rum Australia | malibu rum | spices in spiced rum | white rum for pina colada","malibu rum (2,900) | spices in spiced rum (1,600) | white rum for pina colada (1,300) | rum cocktails (1,300) | kraken spiced rum (880) | the kraken rum (720) | captain morgan black spiced rum (590) | captain morgan dark rum (480) | pussers rum (480) | white rum cocktail (480)","Informational / Navigational"
"4","https://doctorsofwhisky.com.au/blog/amaro-101-italy-bittersweet-tradition/","Blog","amaro","Informational","3600","27","harder","","amaro | buy amaro online | amaro Australia | amaro montenegro | aperol cocktails | prosecco for aperol spritz","amaro montenegro (2,400) | aperol cocktails (1,000) | prosecco for aperol spritz (1,000) | amaro nonino (880) | aperol drink (880) | campari soda (590) | campari soda drink (480) | nonino amaro (390) | amaro liqueur (260) | amaro alcohol (210)","Informational"
"4","https://doctorsofwhisky.com.au/blog/irish-whiskey-guide-bushmills-redbreast-how-its-made/","Blog","irish whiskey","Commercial","3600","14","easy","","irish whiskey | buy irish whiskey online | irish whiskey Australia | baileys irish | irish cream liqueur | irish jameson","baileys irish (2,900) | irish cream liqueur (720) | irish jameson (720) | bailey irish cream drink (480) | irish cream baileys alcohol content (480) | alcohol percentage in baileys irish cream (390) | baileys irish cream alcohol content (320) | baileys irish cream alcohol percentage (320) | what is bailey irish cream liqueur (320) | irish honey whiskey (210)","Informational"
"4","https://doctorsofwhisky.com.au/blog/best-cream-coffee-liqueurs-for-cocktails/","Blog","baileys irish","Informational","2900","22","medium","","baileys irish | buy baileys irish online | baileys irish Australia | baileys chocolate | chocolate baileys | mr black coffee liqueur","baileys chocolate (1,600) | chocolate baileys (880) | mr black coffee liqueur (880) | irish cream liqueur (720) | baileys alcohol (590) | bailey irish cream drink (480) | irish cream baileys alcohol content (480) | what is baileys (390) | alcohol percentage in baileys irish cream (390) | kahlua alcohol (390)","Informational"
"4","https://doctorsofwhisky.com.au/blog/how-to-choose-red-wine/","Blog","shiraz wine","Informational","2900","24","medium","","shiraz wine | buy shiraz wine online | shiraz wine Australia | st henri shiraz | red wine varieties | shiraz wine red","st henri shiraz (1,900) | red wine varieties (1,000) | shiraz wine red (880) | australian red wine (880) | merlot wines (880) | little giant shiraz (720) | oyster bay pinot noir (590) | red wine shiraz (590) | little giant barossa shiraz (480) | fizzy red wine (480)","Informational"
"4","https://doctorsofwhisky.com.au/blog/malibu-rum-and-coconut-rum-what-they-are/","Blog","malibu rum","Informational","2900","28","harder","","malibu rum | buy malibu rum online | malibu rum Australia | white rum | spices in spiced rum | white rum for pina colada","white rum (4,400) | spices in spiced rum (1,600) | white rum for pina colada (1,300) | rum cocktails (1,300) | kraken spiced rum (880) | the kraken rum (720) | captain morgan black spiced rum (590) | malibu liqueur (590) | captain morgan dark rum (480) | pussers rum (480)","Informational / Navigational"
"4","https://doctorsofwhisky.com.au/blog/lager-vs-imported-beer-buyers-guide/","Blog","lager","Informational","2400","16","medium","","lager | buy lager online | lager Australia | australian lager | coopers australian lager | what is the lager beer","australian lager (1,300) | coopers australian lager (1,000) | what is the lager beer (390) | what is a lager (390) | lager house (390) | lager vs ale (320) | goat lager (260) | balter black lager (210) | rice lager (210) | pils or lager (210)","Informational"
"4","https://doctorsofwhisky.com.au/blog/beer-with-least-carbs-lowest-carb-beer-australia/","Blog","beer with least carbs","Informational","2400","16","medium","","beer with least carbs | buy beer with least carbs online | beer with least carbs Australia | ginger beer | lowest carb beer australia | carbs in low carb beer","ginger beer (9,900) | lowest carb beer australia (590) | carbs in low carb beer (480) | low carb cider (390) | low carb mid strength beer (320) | 0 calorie drinks (320) | zero calorie drinks (320) | beers low in carbs (140) | non calorie alcohol (140) | what is mid strength beer (110)","Informational"
"4","https://doctorsofwhisky.com.au/blog/what-is-ipa-beer-india-pale-ale-explained/","Blog","ipa beer","Informational","2400","19","medium","","ipa beer | buy ipa beer online | ipa beer Australia | india pale ale | ipa and beer | ipa for beer","india pale ale (1,600) | ipa and beer (1,300) | ipa for beer (720) | meaning ipa beer (720) | ipa beer meaning (720) | ipa beer definition (590) | india pale ales (390) | what is in ipa (390) | what is ipa beer (390) | ipa ale (390)","Informational"
"4","https://doctorsofwhisky.com.au/blog/australian-beer-guide-lager-vb-craft-brands/","Blog","australian beer","Informational","1900","22","medium","","australian beer | buy australian beer online | australian beer Australia | lager | australian beers | vb can","lager (2,400) | australian beers (1,300) | vb can (1,300) | australian lager (1,300) | australian whisky (1,000) | coopers australian lager (1,000) | australian red wine (880) | australian vodka (590) | australian beer brands (590) | australian alcoholic ginger beer (390)","Informational"
"4","https://doctorsofwhisky.com.au/blog/why-japanese-whisky-became-a-global-obsession/","Blog","nikka whiskey","Transactional","1300","18","medium","","nikka whiskey | buy nikka whiskey online | nikka whiskey Australia | the chita japanese whisky | suntory 196 double lemon | japanese lemon alcohol","the chita japanese whisky (390) | suntory 196 double lemon (390) | japanese lemon alcohol (390) | toki suntory whiskey (320) | nikka from barrel (320) | suntory whisky hibiki (260) | suntory double peach (260) | beverages in japanese (210) | black nikka whisky (210) | peach suntory (210)","Informational"
"4","https://doctorsofwhisky.com.au/blog/soju-explained-koreas-spirit/","Blog","soju alcohol percentage","Informational","1300","18","medium","","soju alcohol percentage | buy soju alcohol percentage online | soju alcohol percentage Australia | alcohol content soju | soju alcohol content | alcohol percentage in soju","alcohol content soju (1,600) | soju alcohol content (720) | alcohol percentage in soju (590) | peach soju (480) | soju alcohol by volume (480) | chum churum soju (390) | soju alcohol volume (320) | soju standard drinks (320) | lychee soju drink (320) | soju yakult (320)","Informational"
"4","https://doctorsofwhisky.com.au/blog/ready-to-drink-premix-trend/","Blog","premix","Informational","1300","15","easy","","premix | buy premix online | premix Australia | premix kings | premix king burnie | premix sa","premix kings (720) | premix king burnie (390) | premix sa (320) | premix king stirling (320) | premix king catalogue (260) | premix king ararat (210) | premix king ocean grove (210) | premix king leopold (210) | premix king lakes entrance (210) | premix king kingswood park (210)","Informational / Navigational"
"4","https://doctorsofwhisky.com.au/blog/rise-of-australian-single-malt-whisky/","Blog","australian whisky","Informational","1000","22","medium","","australian whisky | buy australian whisky online | australian whisky Australia | lark hill winery | dark lark | lark run","lark hill winery (720) | dark lark (590) | lark run (590) | lark symphony no 1 (480) | lark hill (390) | dark lark whisky (210) | lark asx (210) | lark automobile (210) | lark car (210) | nant whiskey tasmania (210)","Navigational / Informational"
"4","https://doctorsofwhisky.com.au/blog/tequila-aging-guide-blanco-reposado-anejo/","Blog","don julio blanco","Informational","1000","13","easy","","don julio blanco | buy don julio blanco online | don julio blanco Australia | tequila el patron silver | don julio tequila brands | sierra silver tequila","tequila el patron silver (1,000) | don julio tequila brands (1,000) | sierra silver tequila (1,000) | anejo tequila (720) | cafe patron tequila (720) | patron reposado (590) | silver patron tequila (590) | mezcal tequila (590) | patron anejo (480) | anejo (480)","Informational / Navigational"
"4","https://doctorsofwhisky.com.au/blog/cognac-vs-brandy-explained/","Blog","what is cognac","Informational","1000","21","medium","","what is cognac | buy what is cognac online | what is cognac Australia | st agnes brandy | what is the cognac | cognac is what","st agnes brandy (1,300) | what is the cognac (1,000) | cognac is what (880) | hennessy very special cognac (720) | vsop cognac (590) | remy martin cognac (480) | brandy for cocktails (390) | xo in cognac (320) | martell blue swift cognac (320) | apple and brandy (260)","Informational"
"4","https://doctorsofwhisky.com.au/blog/everything-about-rose-wine/","Blog","sparkling rose","Commercial","1000","12","easy","","sparkling rose | buy sparkling rose online | sparkling rose Australia | moscato rose | prosecco rose | premium sparkling wine","moscato rose (1,000) | prosecco rose (590) | premium sparkling wine (210) | is sparkling wine champagne (210) | pinot noir sparkling wine (210) | glass of sparkling wine (140) | sparkling wine spumante (140) | yellow tail rose sparkling wine (110) | yellow tail rose sparkling (110) | white sparkling wine (110)","Informational"
"4","https://doctorsofwhisky.com.au/blog/macallan-sherry-cask-legacy/","Blog","macallan whisky","Commercial","1000","26","harder","","macallan whisky | buy macallan whisky online | macallan whisky Australia | whisky red label johnnie walker | australian whisky | overeem whisky","whisky red label johnnie walker (1,300) | australian whisky (1,000) | overeem whisky (880) | ardbeg whisky (720) | johnnie walker whisky black label (720) | mclane whisky (720) | dimple whisky (590) | black douglas whisky (590) | islay whisky laphroaig (590) | hobart whisky (480)","Informational / Navigational"
"4","https://doctorsofwhisky.com.au/blog/don-julio-vs-patron-tequila-compared/","Blog","don julio blanco","Informational","1000","13","easy","","don julio blanco | buy don julio blanco online | don julio blanco Australia | patron xo cafe | patron cafe drinks | tequila el patron silver","patron xo cafe (1,300) | patron cafe drinks (1,300) | tequila el patron silver (1,000) | don julio blanco (1,000) | don julio tequila brands (1,000) | cafe patron tequila (720) | patron reposado (590) | silver patron tequila (590) | patron alcohol (480) | patron anejo (480)","Informational / Navigational"
"4","https://doctorsofwhisky.com.au/blog/prosecco-guide-aperol-spritz-rose-mimosa/","Blog","prosecco for aperol spritz","Informational","1000","28","harder","","prosecco for aperol spritz | buy prosecco for aperol spritz online | prosecco for aperol spritz Australia | de bortoli prosecco | belvino prosecco | sensi prosecco","de bortoli prosecco (2,400) | belvino prosecco (720) | sensi prosecco (720) | prosecco rose (590) | prosecco and limoncello drink (170) | prosecco mimosa (170) | limoncello prosecco drink (140) | limoncello prosecco (140) | prosecco limoncello (140) | whats prosecco (140)","Informational"
"4","https://doctorsofwhisky.com.au/blog/why-non-alcoholic-beer-is-booming/","Blog","alcohol free beer","Commercial","880","11","easy","","alcohol free beer | buy alcohol free beer online | alcohol free beer Australia | non alcoholic wine | non alcoholic ginger beer | heineken zero alcohol","non alcoholic wine (3,600) | non alcoholic ginger beer (720) | heineken zero alcohol (480) | non alcoholic margarita (390) | non alcoholic drink reminiscent of beer (390) | ginger beer non alcoholic (320) | guinness non alcoholic beer (260) | apple cider non alcoholic (210) | mocktail recipe non alcoholic (210) | non alcoholic spritz (210)","Informational"
"4","https://doctorsofwhisky.com.au/blog/pink-gin-and-soda-what-is-pink-gin/","Blog","pink gin and soda","Informational","720","10","easy","","pink gin and soda | buy pink gin and soda online | pink gin and soda Australia | pink moscato | gordon pink gin | mountain goat pink gin and soda","pink moscato (1,600) | gordon pink gin (480) | mountain goat pink gin and soda (170) | gordons gin and soda (170) | paloma pink (140) | gin soda (110) | sparkling pink moscato (110) | moscato pink sparkling wine (110) | pink gin can (70) | gin pink bottle (70)","Informational"
"4","https://doctorsofwhisky.com.au/blog/anejo-tequila-guide-reposado-blanco-brands/","Blog","anejo tequila","Informational","720","12","easy","","anejo tequila | buy anejo tequila online | anejo tequila Australia | tequila el patron silver | don julio tequila brands | sierra silver tequila","tequila el patron silver (1,000) | don julio tequila brands (1,000) | sierra silver tequila (1,000) | cafe patron tequila (720) | patron reposado (590) | silver patron tequila (590) | mezcal tequila (590) | patron anejo (480) | anejo (480) | casamigos reposado (480)","Informational / Navigational"
"4","https://doctorsofwhisky.com.au/blog/what-makes-bourbon-different/","Blog","bourbon and whiskey","Informational","590","21","medium","","bourbon and whiskey | buy bourbon and whiskey online | bourbon and whiskey Australia | bourbon is whiskey | williams bourbon | buffalo bourbon","bourbon is whiskey (590) | williams bourbon (480) | buffalo bourbon (320) | 1792 bourbon whiskey (260) | jim beam white label bourbon (210) | bourbon a whisky (140) | alcohol in bourbon (140) | bourbon and proof (140) | straight kentucky bourbon whiskey (140) | whiskey is bourbon (110)","Informational"
"4","https://doctorsofwhisky.com.au/blog/mezcal-vs-tequila-difference/","Blog","what is mezcal","Informational","590","28","harder","","what is mezcal | buy what is mezcal online | what is mezcal Australia | mezcal mescal | mezcal tequila | tequila and mezcal","mezcal mescal (1,000) | mezcal tequila (590) | tequila and mezcal (260) | vittoria mezcal (260) | ilegal mezcal (170) | mezcal cocktails (170) | difference between mezcal and tequila (170) | whats mezcal (140) | difference between tequila and mezcal (140) | mezcal fabrication (140)","Informational / Navigational"
"4","https://doctorsofwhisky.com.au/blog/german-beer-guide-german-wheat-weissbier-pilsner/","Blog","german wheat","Informational","590","12","easy","","german wheat | buy german wheat online | german wheat Australia | ginger beer | sapporo beer | matsos ginger beer","ginger beer (9,900) | sapporo beer (4,400) | matsos ginger beer (3,600) | balter beer (2,900) | gingerbread beer (2,900) | ipa beer (2,400) | beer with least carbs (2,400) | australian beer (1,900) | alcoholic ginger beer plant (1,900) | goat beer (1,900)","Informational / Navigational"
"4","https://doctorsofwhisky.com.au/blog/what-is-baijiu/","Blog","chinese baijiu","Commercial","480","26","harder","","chinese baijiu | buy chinese baijiu online | chinese baijiu Australia | limoncello | limoncello spritz | absinthe","limoncello (18,100) | limoncello spritz (14,800) | absinthe (8,100) | grey goose (6,600) | liqueur amaretto (6,600) | sambuca (5,400) | white rum (4,400) | limoncello recipe (4,400) | moutai (3,600) | grand marnier (3,600)","Informational"
"4","https://doctorsofwhisky.com.au/blog/sauvignon-blanc-guide-low-alcohol-cooking-pairing/","Blog","white wine sauvignon blanc","Informational","390","16","medium","","white wine sauvignon blanc | buy white wine sauvignon blanc online | white wine sauvignon blanc Australia | wine and white | wine blanc | sovereign blanc wine","wine and white (3,600) | wine blanc (2,900) | sovereign blanc wine (1,600) | greywacke sauvignon blanc (390) | sauvignon wine white (390) | excellence sauvignon blanc (320) | low alcohol sauvignon blanc (210) | sauvignon blanc cooking (140) | french sauvignon blanc (90) | non alcoholic sauvignon blanc (90)","Informational"
"4","https://doctorsofwhisky.com.au/blog/london-dry-vs-contemporary-gin/","Blog","london gin","Informational","320","7","easy","","london gin | buy london gin online | london gin Australia | drinks using gin | ink gin | gin cocktail","drinks using gin (2,900) | ink gin (2,400) | gin cocktail (1,000) | gin with ginger (880) | gin and cocktails (880) | pink gin and soda (720) | plymouth gin (480) | gin drinks (480) | gordon pink gin (480) | goku gin (480)","Informational / Navigational"
"4","https://doctorsofwhisky.com.au/blog/single-malt-vs-blended-scotch/","Blog","what is single malt whisky","Informational","210","15","easy","","what is single malt whisky | buy what is single malt whisky online | what is single malt whisky Australia | scotch beverage | dimple scotch | scotch and whiskey","scotch beverage (4,400) | dimple scotch (720) | scotch and whiskey (390) | old grouse scotch (390) | blended whiskey (390) | islay single malt scotch whisky (390) | glenfiddich scotch whisky (320) | scotch premium (320) | glenfiddich scotch (320) | lagavulin scotch (320)","Informational"
"4","https://doctorsofwhisky.com.au/blog/rise-of-zero-sugar-seltzers/","Blog","zero sugar","Informational","210","10","easy","","zero sugar | buy zero sugar online | zero sugar Australia | sprite zero sugar | hard rated zero sugar calories | zero sugar snacks","sprite zero sugar (320) | hard rated zero sugar calories (260) | zero sugar snacks (210) | yoplait zero sugar yoghurt (170) | cocktail vodka soda (140) | drink vodka soda (140) | recipe for vodka soda (140) | vodka soda cocktail recipe (140) | zero sugar soft drinks (140) | zero sugar sprite (140)","Informational"
"4","https://doctorsofwhisky.com.au/blog/champagne-rose-brut-guide-veuve-clicquot-krug/","Blog","champagne rose","Informational","170","11","easy","","champagne rose | buy champagne rose online | champagne rose Australia | low alcohol champagne | is sparkling wine champagne | cognac fine champagne","low alcohol champagne (210) | is sparkling wine champagne (210) | cognac fine champagne (170) | yellow tail champagne (170) | champagne rose (170) | champagne chandon rose (140) | champagne chardonnay (110) | cognac fine champagne remy martin (110) | remy martin cognac fine champagne vsop (110) | champagne wine (110)","Informational / Navigational"
"4","https://doctorsofwhisky.com.au/blog/beginners-guide-to-rye-whiskey/","Blog","what is rye whiskey","Informational","140","17","medium","","what is rye whiskey | buy what is rye whiskey online | what is rye whiskey Australia | rye drink | jim beam rye | rye in whiskey","rye drink (480) | jim beam rye (390) | rye in whiskey (390) | rittenhouse rye (210) | rye whisky (210) | what is in rye whiskey (110) | rye booze (90) | whiskey or rye (90) | what are rye whiskeys (90) | what is rye liquor (90)","Informational"
"4","https://doctorsofwhisky.com.au/blog/what-is-ouzo-greek-drink-flavour-serving/","Blog","ouzo greek drink","Informational","110","17","medium","","ouzo greek drink | buy ouzo greek drink online | ouzo greek drink Australia | limoncello | limoncello spritz | absinthe","limoncello (18,100) | limoncello spritz (14,800) | absinthe (8,100) | grey goose (6,600) | liqueur amaretto (6,600) | sambuca (5,400) | white rum (4,400) | limoncello recipe (4,400) | moutai (3,600) | grand marnier (3,600)","Informational"
"4","https://doctorsofwhisky.com.au/blog/cabernet-sauvignon-merlot-grenache-red-wine-grapes/","Blog","cabernet red wine","Informational","110","17","medium","","cabernet red wine | buy cabernet red wine online | cabernet red wine Australia | merlot wines | yellow tail merlot | cabernet and canvas","merlot wines (880) | yellow tail merlot (390) | cabernet and canvas (390) | oyster bay merlot (320) | st hugo cabernet sauvignon 2018 (260) | cabernet sauvignon vineyard (170) | cabernet court (140) | st hugo coonawarra cabernet sauvignon (110) | cabernet sauvignon john (110) | cabernet street (90)","Informational / Navigational"
"4","https://doctorsofwhisky.com.au/blog/white-wine-styles-explained/","Blog","wine chardonnay","Informational","70","20","medium","","wine chardonnay | buy wine chardonnay online | wine chardonnay Australia | pink moscato | moscato rose | white wine varieties","pink moscato (1,600) | moscato rose (1,000) | white wine varieties (1,000) | white wine types (1,000) | sparkling moscato (590) | greywacke sauvignon blanc (390) | white wine sauvignon blanc (390) | moscato white wine (390) | pinot grigio gris (320) | sparkling chardonnay pinot noir (320)","Informational"
"4","https://doctorsofwhisky.com.au/blog/champagne-vs-sparkling-wine-vs-port/","Blog","is champagne sparkling wine","Informational","50","11","easy","","is champagne sparkling wine | buy is champagne sparkling wine online | is champagne sparkling wine Australia | de bortoli prosecco | prosecco for aperol spritz | belvino prosecco","de bortoli prosecco (2,400) | prosecco for aperol spritz (1,000) | belvino prosecco (720) | sensi prosecco (720) | prosecco rose (590) | low alcohol champagne (210) | premium sparkling wine (210) | is sparkling wine champagne (210) | pinot noir sparkling wine (210) | cognac fine champagne (170)","Informational"
"4","https://doctorsofwhisky.com.au/blog/how-vodka-is-made/","Blog","how is vodka made","—","","","unknown","","how is vodka made | buy how is vodka made online | how is vodka made Australia | vodka cruiser | vodka cruisers | vodka o","vodka cruiser (9,900) | vodka cruisers (2,400) | vodka o (1,300) | sirocco vodka (1,000) | vodka cruiser flavours (880) | reyka vodka (720) | black vodka (720) | bison grass vodka (720) | zubrowka bison grass vodka (720) | vodka ketel (720)","Informational / Navigational"
"4","https://doctorsofwhisky.com.au/blog/how-to-store-and-cellar-rare-whisky/","Blog","how to store whisky","—","","","unknown","","how to store whisky | buy how to store whisky online | how to store whisky Australia | australian whisky | overeem whisky | ardbeg whisky","australian whisky (1,000) | overeem whisky (880) | ardbeg whisky (720) | johnnie walker whisky black label (720) | mclane whisky (720) | dimple whisky (590) | black douglas whisky (590) | islay whisky laphroaig (590) | hobart whisky (480) | jack daniel's whisky (390)","Informational / Navigational"
"4","https://doctorsofwhisky.com.au/blog/beginners-guide-investing-in-rare-whisky/","Blog","investing in whisky","—","","","unknown","","investing in whisky | buy investing in whisky online | investing in whisky Australia | whisky red label johnnie walker | australian whisky | ardbeg whisky","whisky red label johnnie walker (1,300) | australian whisky (1,000) | ardbeg whisky (720) | johnnie walker whisky black label (720) | mclane whisky (720) | dimple whisky (590) | black douglas whisky (590) | islay whisky laphroaig (590) | hobart whisky (480) | jack daniel's whisky (390)","Informational / Navigational"
"5","https://doctorsofwhisky.com.au/shop/other/jack-daniels-original-bbq-sauce/","Product","jack daniels","Commercial","18100","19","medium","","jack daniels | buy jack daniels online | jack daniels Australia | monster energy drinks | white monster energy drink | v energy drinks","monster energy drinks (1,900) | white monster energy drink (1,600) | v energy drinks (1,000) | can of monster energy (880) | sugar free energy drinks (720) | jack daniels single barrel (590) | jack daniels bourbon (480) | energy drinks australia (480) | energy drink sugar free (480) | jack daniels premix (320)","Commercial"
"5","https://doctorsofwhisky.com.au/shop/spirit/patron-citronge-1l-patron/","Product","patron","Commercial","8100","17","medium","","patron | buy patron online | patron Australia | patron tequila | patron silver | patron silver tequila","patron tequila (3,600) | patron silver (1,000) | patron silver tequila (720) | patron coffee (720) | silver patron (590) | coffee patron (590) | tequila patron (480) | patron tequila silver (320) | patron xo (260) | patron tequila alcohol (210)","Commercial"
"5","https://doctorsofwhisky.com.au/shop/spirit/absinthe-red-100-absinthe/","Product","absinthe","Informational","8100","26","harder","","absinthe | buy absinthe online | absinthe Australia | tequila | gin | smirnoff vodka","tequila (22,200) | gin (14,800) | smirnoff vodka (12,100) | cognac (9,900) | absolut vodka (8,100) | absinthe australia (320) | absinthe green fairy (320) | absinthe alcohol green fairy (260) | green fairy drink absinthe (260) | black absinthe (210)","Commercial"
"5","https://doctorsofwhisky.com.au/shop/beer-premix-wine/moet-chandon-imperial-bottle-sparkling-wine/","Product","moet","Commercial","8100","24","medium","","moet | buy moet online | moet Australia | champagne | moet champagne | sparkling wine","champagne (18,100) | moet champagne (5,400) | sparkling wine (3,600) | coopers sparkling ale (1,900) | sparkling shiraz (1,600) | sparkling rose (1,000) | sparkling red wine (1,000) | australian sparkling wine (880) | sparkling wines (720) | sparkling rose wine (720)","Commercial"
"5","https://doctorsofwhisky.com.au/shop/spirit/belvedere-intense-polish-vodka/","Product","belvedere vodka","Commercial","6600","15","easy","","belvedere vodka | buy belvedere vodka online | belvedere vodka Australia | absolut vodka | ciroc vodka | vodka to drink","absolut vodka (8,100) | ciroc vodka (1,900) | vodka to drink (1,000) | tito's vodka (1,000) | crystal head vodka (880) | ketel one vodka (880) | polish vodka (720) | russian vodka (720) | belvedere vodka 700ml (590) | flavoured vodka (590)","Commercial"
"5","https://doctorsofwhisky.com.au/shop/spirit/sambuca-latinae-glass-pack/","Product","sambuca","Informational","5400","19","medium","","sambuca | buy sambuca online | sambuca Australia | black sambuca | sambuca black | galliano and sambuca","black sambuca (1,300) | sambuca black (590) | galliano and sambuca (480) | galliano black sambuca (480) | white sambuca (320) | sambuca white (210) | alcohol in sambuca (210) | opal nera black sambuca (170) | sambuca galliano (140) | blue sambuca (90)","Commercial"
"5","https://doctorsofwhisky.com.au/shop/beer-premix-wine/moet-rose-imperial-sparkling-wine/","Product","moet champagne","Commercial","5400","27","harder","","moet champagne | buy moet champagne online | moet champagne Australia | champagne | moet | sparkling wine","champagne (18,100) | moet (8,100) | sparkling wine (3,600) | coopers sparkling ale (1,900) | sparkling shiraz (1,600) | sparkling rose (1,000) | sparkling red wine (1,000) | australian sparkling wine (880) | sparkling wines (720) | sparkling rose wine (720)","Commercial"
"5","https://doctorsofwhisky.com.au/shop/beer-premix-wine/grog-lemon-ice-vodka-premix/","Product","grog","Informational","5400","20","medium","","grog | buy grog online | grog Australia | smirnoff vodka | cruiser | cheap vodka","smirnoff vodka (12,100) | cruiser (5,400) | cheap vodka (3,600) | premixed drinks (1,300) | vodka bottle (1,300) | premix drinks (1,000) | vodka smirnoff (720) | cruiser drink (720) | vodka cruiser double (720) | bottle of vodka (720)","Commercial"
"5","https://doctorsofwhisky.com.au/shop/whisky/glenmorangie-14-year-old-the-quinta-ruban-port-cask-single-malt-scotch-whisky/","Product","glenmorangie","Navigational","4400","24","medium","","glenmorangie | buy glenmorangie online | glenmorangie Australia | whisky | scotch | japanese whiskey","whisky (14,800) | scotch (9,900) | japanese whiskey (4,400) | single malt (3,600) | scotch whisky (2,900) | hibiki whiskey (2,900) | bourbon whiskey (2,400) | single malt whiskey (2,400) | macallan whiskey (1,900) | scotch whiskey (1,600)","Commercial"
"5","https://doctorsofwhisky.com.au/shop/spirit/licor-43-horchata-spanish-cream-liqueur/","Product","licor 43","Informational","4400","27","harder","","licor 43 | buy licor 43 online | licor 43 Australia | coffee liqueur | orange liqueur | germain liqueur","coffee liqueur (2,900) | orange liqueur (2,400) | germain liqueur (1,900) | hazelnut liqueur (880) | kahlua coffee liqueur (720) | banana liqueur (590) | sour apple liqueur (480) | cream liqueur (480) | orange flavoured liqueur (480) | peach liqueur (480)","Commercial"
"5","https://doctorsofwhisky.com.au/shop/spirit/kweichow-moutai-flying-fairy-baijiu-53-percent/","Product","moutai","Informational","3600","28","harder","","moutai | buy moutai online | moutai Australia | tequila | gin | smirnoff vodka","tequila (22,200) | gin (14,800) | smirnoff vodka (12,100) | cognac (9,900) | absolut vodka (8,100) | rum (8,100) | belvedere vodka (6,600) | cheap vodka (3,600) | patron tequila (3,600) | coffee liqueur (2,900)","Commercial"
"5","https://doctorsofwhisky.com.au/shop/whisky/macallan-12yo-colour-collection-scotch-whisky/","Product","macallan","Commercial","3600","17","medium","","macallan | buy macallan online | macallan Australia | whisky | scotch | japanese whiskey","whisky (14,800) | scotch (9,900) | japanese whiskey (4,400) | single malt (3,600) | scotch whisky (2,900) | hibiki whiskey (2,900) | bourbon whiskey (2,400) | single malt whiskey (2,400) | macallan whiskey (1,900) | scotch whiskey (1,600)","Commercial"
"5","https://doctorsofwhisky.com.au/shop/spirit/patron-citronge-lime-750ml-patron/","Product","patron tequila","Commercial","3600","13","easy","","patron tequila | buy patron tequila online | patron tequila Australia | patron | patron silver | patron silver tequila","patron (8,100) | patron silver (1,000) | patron silver tequila (720) | patron coffee (720) | silver patron (590) | coffee patron (590) | tequila patron (480) | patron tequila silver (320) | patron xo (260) | patron tequila alcohol (210)","Commercial"
"5","https://doctorsofwhisky.com.au/shop/spirit/absinthe-red-700-absinthe/","Product","absinthe absinthe","Transactional","3600","17","medium","","absinthe absinthe | buy absinthe absinthe online | absinthe absinthe Australia | tequila | gin | smirnoff vodka","tequila (22,200) | gin (14,800) | smirnoff vodka (12,100) | cognac (9,900) | absolut vodka (8,100) | absinthe australia (320) | absinthe green fairy (320) | absinthe alcohol green fairy (260) | green fairy drink absinthe (260) | black absinthe (210)","Commercial"
"5","https://doctorsofwhisky.com.au/shop/whisky/macallan-12yo-double-scotch-whisky/","Product","macallan macallan","Commercial","2900","28","harder","","macallan macallan | buy macallan macallan online | macallan macallan Australia | whisky | scotch | japanese whiskey","whisky (14,800) | scotch (9,900) | japanese whiskey (4,400) | macallan (3,600) | single malt (3,600) | scotch whisky (2,900) | hibiki whiskey (2,900) | bourbon whiskey (2,400) | single malt whiskey (2,400) | macallan whiskey (1,900)","Commercial"
"5","https://doctorsofwhisky.com.au/shop/spirit/tanqueray-50ml-gin/","Product","tanqueray gin","Commercial","2900","15","easy","","tanqueray gin | buy tanqueray gin online | tanqueray gin Australia | gin | gin gifts | gin gifts australia","gin (14,800) | gin gifts (2,400) | gin gifts australia (2,400) | gin gift packs (1,900) | tanqueray (1,600) | gin delivery (1,600) | gin gift set australia (1,600) | australian gin (1,000) | dry gin (880) | gin brands (720)","Commercial"
"5","https://doctorsofwhisky.com.au/shop/spirit/calvados-papidoux-xo-cognac-brandy/","Product","calvados","Informational","2900","19","medium","","calvados | buy calvados online | calvados Australia | cognac | hennessy xo | martell","cognac (9,900) | hennessy xo (2,400) | martell (1,900) | martell blue swift (1,900) | martell swift blue (1,600) | black bottle brandy (1,000) | cherry brandy (880) | martell vsop (880) | martell xo (880) | louis xiii cognac (720)","Commercial"
"5","https://doctorsofwhisky.com.au/shop/spirit/jose-cuervo-cristalino-anejo-jose-cuervo/","Product","jose cuervo","Commercial","2400","23","medium","","jose cuervo | buy jose cuervo online | jose cuervo Australia | jose cuervo tequila | jose cuervo silver | jose cuervo blue agave","jose cuervo tequila (1,000) | jose cuervo silver (210) | jose cuervo blue agave (210) | cuervo tequila (210) | jose cuervo tequila silver (170) | jose cuervo especial blue agave (170) | jose cuervo marg (140) | john cuervo tequila (110) | tequila jose cuervo silver (90) | jose cuervo silver tequila (90)","Commercial"
"5","https://doctorsofwhisky.com.au/shop/spirit/hennessy-xo-cognac-brandy/","Product","hennessy xo","Commercial","2400","15","easy","","hennessy xo | buy hennessy xo online | hennessy xo Australia | hennessy cognac | hennessy vs | hennessy vs cognac","hennessy cognac (1,600) | hennessy vs (880) | hennessy vs cognac (590) | hennessy xo cognac (480) | cognac xo hennessy (260) | vsop hennessy (260) | hennessy xo cognac 700ml (210) | hennessy vs cognac 700ml (210) | xo hennessy cognac (110) | cognac hennessy (110)","Transactional / Commercial"
"5","https://doctorsofwhisky.com.au/shop/spirit/remy-martin-club-exception-cognac-brandy/","Product","remy martin","Informational","2400","17","medium","","remy martin | buy remy martin online | remy martin Australia | cognac | hennessy xo | martell","cognac (9,900) | hennessy xo (2,400) | martell (1,900) | martell blue swift (1,900) | martell swift blue (1,600) | black bottle brandy (1,000) | cherry brandy (880) | martell vsop (880) | martell xo (880) | remy martin xo (480)","Commercial"
"5","https://doctorsofwhisky.com.au/shop/beer-premix-wine/tsingtao-beer-imported-case-4-x-6-pack-bottles/","Product","tsingtao","Commercial","2400","24","medium","","tsingtao | buy tsingtao online | tsingtao Australia | modelo beer | german beer | ipa ale beer","modelo beer (2,400) | german beer (2,400) | ipa ale beer (1,900) | pale ale style beer (1,900) | peroni beer (1,600) | mythos beer (1,300) | xpa beer (1,300) | tsingtao beer (1,000) | lager beer (1,000) | pacific ale (1,000)","Commercial"
"5","https://doctorsofwhisky.com.au/shop/beer-premix-wine/de-bortoli-king-valley-prosecco/","Product","de bortoli prosecco","Informational","2400","21","medium","","de bortoli prosecco | buy de bortoli prosecco online | de bortoli prosecco Australia | champagne | red wine | rose wine","champagne (18,100) | red wine (9,900) | rose wine (6,600) | white wine (6,600) | apple cider (5,400) | somersby apple cider (5,400) | james squire ginger beer (4,400) | alcoholic ginger beer (3,600) | de bortoli limoncello spritz (390) | pink prosecco (320)","Commercial"
"5","https://doctorsofwhisky.com.au/shop/whisky/laphroaig-10-glass-pack-scotch-whisky/","Product","laphroaig 10","Commercial","1900","17","medium","","laphroaig 10 | buy laphroaig 10 online | laphroaig 10 Australia | whisky | scotch | japanese whiskey","whisky (14,800) | scotch (9,900) | japanese whiskey (4,400) | single malt (3,600) | scotch whisky (2,900) | laphroaig (2,900) | laphroaig 10 islay (1,300) | laphroaig 10 year (320) | laphroaig scotch (210) | 10 laphroaig (110)","Commercial / Transactional"
"5","https://doctorsofwhisky.com.au/shop/whisky/royal-salute-21yo-polo-estancia-edition-scotch-whisky/","Product","royal salute","Commercial","1900","14","easy","","royal salute | buy royal salute online | royal salute Australia | whisky | scotch | japanese whiskey","whisky (14,800) | scotch (9,900) | japanese whiskey (4,400) | single malt (3,600) | scotch whisky (2,900) | hibiki whiskey (2,900) | bourbon whiskey (2,400) | single malt whiskey (2,400) | macallan whiskey (1,900) | scotch whiskey (1,600)","Commercial"
"5","https://doctorsofwhisky.com.au/shop/spirit/ciroc-pineapple-french-vodka/","Product","ciroc vodka","Commercial","1900","11","easy","","ciroc vodka | buy ciroc vodka online | ciroc vodka Australia | smirnoff vodka | absolut vodka | cheap vodka","smirnoff vodka (12,100) | absolut vodka (8,100) | cheap vodka (3,600) | absolute vodka (2,400) | ciroc (1,300) | vodka bottle (1,300) | tito's vodka (1,000) | vodka smirnoff (720) | bottle of vodka (720) | vodka cheap (720)","Commercial"
"5","https://doctorsofwhisky.com.au/shop/spirit/bacardi-carta-blanca-white-rum/","Product","bacardi white rum","Commercial","1900","14","easy","","bacardi white rum | buy bacardi white rum online | bacardi white rum Australia | rum | spiced rum | captain morgan spiced rum","rum (8,100) | spiced rum (2,400) | captain morgan spiced rum (2,400) | rum with spices (1,900) | bacardi rum (1,300) | dark rum (1,300) | bacardi spiced rum (590) | bacardi price (320) | bacardi gold (140) | bacardi gold rum (90)","Commercial"
"5","https://doctorsofwhisky.com.au/shop/spirit/malfy-gin-amarena/","Product","malfy gin","Commercial","1900","25","harder","","malfy gin | buy malfy gin online | malfy gin Australia | gin | gin gifts | gin gifts australia","gin (14,800) | gin gifts (2,400) | gin gifts australia (2,400) | gin gift packs (1,900) | gin delivery (1,600) | gin gift set australia (1,600) | australian gin (1,000) | dry gin (880) | gin brands (720) | gin gift pack (590)","Commercial"
"5","https://doctorsofwhisky.com.au/shop/spirit/martell-cordon-bleu-cognac-brandy/","Product","martell","Commercial","1900","15","easy","","martell | buy martell online | martell Australia | martell vsop | martell xo | martell cognac xo","martell vsop (880) | martell xo (880) | martell cognac xo (480) | martell vs (260) | martell cognac vsop (210) | martell xo cognac (210) | vsop cognac martell (170) | martell cognac vs (170) | vsop martell (170) | cognac martell vs (140)","Commercial"
"5","https://doctorsofwhisky.com.au/shop/beer-premix-wine/strongbow-original-apple-cider-case-bottles/","Product","strongbow cider","Commercial","1600","17","medium","","strongbow cider | buy strongbow cider online | strongbow cider Australia | apple cider | somersby apple cider | somersby cider","apple cider (5,400) | somersby apple cider (5,400) | somersby cider (1,900) | mercury cider (1,600) | sydney cider (1,000) | apple cider alcohol (880) | craft cider (880) | hard cider (880) | pure blonde cider (880) | magners cider (720)","Commercial"
"5","https://doctorsofwhisky.com.au/shop/whisky/glendronach-12yo-50ml-scotch-whisky/","Product","glendronach","Informational","1300","16","medium","","glendronach | buy glendronach online | glendronach Australia | whisky | scotch | japanese whiskey","whisky (14,800) | scotch (9,900) | japanese whiskey (4,400) | single malt (3,600) | scotch whisky (2,900) | hibiki whiskey (2,900) | bourbon whiskey (2,400) | single malt whiskey (2,400) | macallan whiskey (1,900) | scotch whiskey (1,600)","Commercial"
"5","https://doctorsofwhisky.com.au/shop/whisky/laphroaig-10-sherry-oak-scotch-whisky/","Product","laphroaig 10 islay","Commercial","1300","12","easy","","laphroaig 10 islay | buy laphroaig 10 islay online | laphroaig 10 islay Australia | whisky | scotch | japanese whiskey","whisky (14,800) | scotch (9,900) | japanese whiskey (4,400) | single malt (3,600) | scotch whisky (2,900) | laphroaig (2,900) | laphroaig 10 (1,900) | laphroaig 10 year (320) | laphroaig scotch (210) | 10 laphroaig (110)","Commercial / Transactional"
"5","https://doctorsofwhisky.com.au/shop/whisky/wild-turkey-kentucky-spirit-1l-bourbon-whiskey/","Product","wild turkey bourbon","Commercial","1300","16","medium","","wild turkey bourbon | buy wild turkey bourbon online | wild turkey bourbon Australia | bourbon | bourbon brands | bourbon whiskey","bourbon (9,900) | bourbon brands (2,900) | bourbon whiskey (2,400) | bourbon whiskey kentucky straight (1,900) | buffalo trace bourbon (1,900) | jim beam bourbon whiskey (1,600) | whisky buffalo trace bourbon (1,600) | whiskey bourbon jim beam (1,300) | buffalo trace kentucky bourbon (1,300) | bulleit bourbon (1,000)","Commercial"
"5","https://doctorsofwhisky.com.au/shop/spirit/teremana-blanco-tequila/","Product","teremana tequila","Commercial","1300","19","medium","","teremana tequila | buy teremana tequila online | teremana tequila Australia | tequila | patron tequila | clase azul tequila","tequila (22,200) | patron tequila (3,600) | clase azul tequila (2,400) | azul tequila (2,400) | sierra tequila (1,600) | blanco tequila (1,000) | patrón tequila (720) | patron silver tequila (720) | tequila blanco (720) | tequila reposado (590)","Commercial"
"5","https://doctorsofwhisky.com.au/shop/spirit/kraken-50ml-spiced-rum/","Product","kraken booze","Transactional","1300","17","medium","","kraken booze | buy kraken booze online | kraken booze Australia | rum | kraken rum | spiced rum","rum (8,100) | kraken rum (8,100) | spiced rum (2,400) | captain morgan spiced rum (2,400) | bacardi white rum (1,900) | rum with spices (1,900) | coconut rum (1,600) | kraken black spiced rum (1,600) | bacardi rum (1,300) | dark rum (1,300)","Commercial / Transactional"
"5","https://doctorsofwhisky.com.au/shop/spirit/bombay-sapphire-gin/","Product","bombay gin","Commercial","1300","17","medium","","bombay gin | buy bombay gin online | bombay gin Australia | gin | gin gifts | gin gifts australia","gin (14,800) | gin gifts (2,400) | gin gifts australia (2,400) | gin gift packs (1,900) | gin delivery (1,600) | gin gift set australia (1,600) | australian gin (1,000) | dry gin (880) | gin brands (720) | gin gift pack (590)","Commercial"
"5","https://doctorsofwhisky.com.au/shop/beer-premix-wine/hoegaarden-wheat-beer/","Product","hoegaarden","Informational","1300","14","easy","","hoegaarden | buy hoegaarden online | hoegaarden Australia | modelo beer | german beer | ipa ale beer","modelo beer (2,400) | german beer (2,400) | ipa ale beer (1,900) | pale ale style beer (1,900) | peroni beer (1,600) | mythos beer (1,300) | xpa beer (1,300) | lager beer (1,000) | pacific ale (1,000) | india pale ale australia (1,000)","Commercial"
"5","https://doctorsofwhisky.com.au/shop/beer-premix-wine/laurent-perrier-cuvee-rose-rose-wine/","Product","laurent perrier champagne","Commercial","1300","13","easy","","laurent perrier champagne | buy laurent perrier champagne online | laurent perrier champagne Australia | champagne | sparkling rose | rose fizzy wine","champagne (18,100) | sparkling rose (1,000) | rose fizzy wine (1,000) | sparkling rose wine (720) | rose sparkling wine (590) | bird in hand sparkling rose (320) | rose sparkle (320) | chandon rose sparkling wine (260) | rose prosecco (210) | prosecco rose wine (170)","Commercial"
"5","https://doctorsofwhisky.com.au/shop/other/jack-daniels-sweet-spicy-bbq-sauce-mixers-water-condiments/","Product","jack daniels jack","Informational","1300","13","easy","","jack daniels jack | buy jack daniels jack online | jack daniels jack Australia | jack daniels | monster energy drinks | white monster energy drink","jack daniels (18,100) | monster energy drinks (1,900) | white monster energy drink (1,600) | v energy drinks (1,000) | can of monster energy (880) | sugar free energy drinks (720) | jack daniels single barrel (590) | jack daniels bourbon (480) | energy drinks australia (480) | jack daniels premix (320)","Commercial"
"5","https://doctorsofwhisky.com.au/shop/beer-premix-wine/krug-grande-cuvee-brut-m-v-half-bottle-champagne/","Product","krug champagne","Transactional","1300","23","medium","","krug champagne | buy krug champagne online | krug champagne Australia | champagne | krug | cheap champagne","champagne (18,100) | krug (1,600) | cheap champagne (590) | sweet champagne (590) | less expensive champagne (480) | nice champagne (480) | champagne price (390) | janz champagne (390) | bottle of champagne (390) | french champagne specials (390)","Commercial / Transactional"
"5","https://doctorsofwhisky.com.au/shop/spirit/smirnoff-50ml-russian-vodka/","Product","double black smirnoff","Transactional","1000","11","easy","","double black smirnoff | buy double black smirnoff online | double black smirnoff Australia | smirnoff vodka | smirnoff | smirnoff liquor","smirnoff vodka (12,100) | smirnoff (5,400) | smirnoff liquor (3,600) | smirnoff double black (2,900) | vodka smirnoff (720) | seltzer smirnoff (390) | smirnoff red label vodka (320) | smirnoff cost (260) | smirnoff double (210) | smirnoff bottle (210)","Commercial / Transactional"
"5","https://doctorsofwhisky.com.au/shop/spirit/patron-collection-patron/","Product","patron silver","Commercial","1000","24","medium","","patron silver | buy patron silver online | patron silver Australia | patron | patron tequila | patron silver tequila","patron (8,100) | patron tequila (3,600) | patron silver tequila (720) | patron coffee (720) | silver patron (590) | coffee patron (590) | tequila patron (480) | patron tequila silver (320) | patron silver tequila 700ml (320) | patron xo (260)","Commercial"
"5","https://doctorsofwhisky.com.au/shop/spirit/don-julio-blanco-don-julio/","Product","don julio blanco","Informational","1000","13","easy","","don julio blanco | buy don julio blanco online | don julio blanco Australia | don julio | don julio tequila | don julio brands","don julio (8,100) | don julio tequila (1,600) | don julio brands (1,000) | don julio reposado (720) | reposado don julio (720) | tequila don julio reposado (590) | don julio blanco tequila (480) | don julio anejo (480) | tequila don julio (480) | don julio reposado tequila (480)","Commercial / Transactional"
"5","https://doctorsofwhisky.com.au/shop/spirit/jose-cuervo-gold-50ml-jose-cuervo/","Product","jose cuervo tequila","Commercial","1000","16","medium","","jose cuervo tequila | buy jose cuervo tequila online | jose cuervo tequila Australia | jose cuervo | jose cuervo silver | jose cuervo blue agave","jose cuervo (2,400) | jose cuervo silver (210) | jose cuervo blue agave (210) | cuervo tequila (210) | jose cuervo tequila silver (170) | jose cuervo especial blue agave (170) | jose cuervo marg (140) | john cuervo tequila (110) | tequila jose cuervo silver (90) | jose cuervo silver tequila (90)","Commercial"
"5","https://doctorsofwhisky.com.au/shop/spirit/alize-gold-750-cognac-brandy/","Product","alize drink","Commercial","1000","21","medium","","alize drink | buy alize drink online | alize drink Australia | cognac | hennessy xo | martell","cognac (9,900) | hennessy xo (2,400) | martell (1,900) | martell blue swift (1,900) | martell swift blue (1,600) | alize alcohol (1,600) | black bottle brandy (1,000) | cherry brandy (880) | martell vsop (880) | martell xo (880)","Commercial / Transactional"
"5","https://doctorsofwhisky.com.au/shop/spirit/grey-goose-altius-ultra-premium-french-vodka/","Product","grey goose 700ml","Transactional","880","16","medium","","grey goose 700ml | buy grey goose 700ml online | grey goose 700ml Australia | grey grouse scotch | grey goose cost | gray goose cost","grey grouse scotch (320) | grey goose cost (260) | gray goose cost (260) | gray goose vodka cost (260) | grey goose vodka cost (260) | cost of gray goose vodka (260) | grey goose vodka bottle (210) | grey goose one litre (170) | bottle of gray goose (170) | 700ml grey goose (140)","Commercial"
"5","https://doctorsofwhisky.com.au/shop/spirit/chartreuse-vep-green-herbal-liqueur/","Product","green chartreuse","Informational","880","27","harder","","green chartreuse | buy green chartreuse online | green chartreuse Australia | campari negroni | jagermeister cost | chartreuse liqueur green","campari negroni (1,300) | jagermeister cost (720) | chartreuse liqueur green (590) | chartreuse green (480) | amaro del capo (390) | vecchio amaro del capo (390) | aperol 1l (320) | aperol spritz pack (320) | aperol aperitivo (260) | italian liqueur amaro (210)","Commercial"
"5","https://doctorsofwhisky.com.au/shop/spirit/smirnoff-blue-1l-russian-vodka/","Product","smirnoff vodka 1l","Transactional","880","20","medium","","smirnoff vodka 1l | buy smirnoff vodka 1l online | smirnoff vodka 1l Australia | smirnoff vodka | smirnoff | smirnoff liquor","smirnoff vodka (12,100) | smirnoff (5,400) | smirnoff liquor (3,600) | smirnoff double black (2,900) | double black smirnoff (1,000) | smirnoff vodka 1 litre (720) | vodka smirnoff (720) | smirnoff 1l (590) | 1ltr smirnoff (480) | smirnoff 1 litre (390)","Commercial / Transactional"
"5","https://doctorsofwhisky.com.au/shop/spirit/kraken-gold-spiced-rum/","Product","kraken spiced rum","Informational","880","16","medium","","kraken spiced rum | buy kraken spiced rum online | kraken spiced rum Australia | rum | kraken rum | spiced rum","rum (8,100) | kraken rum (8,100) | spiced rum (2,400) | captain morgan spiced rum (2,400) | bacardi white rum (1,900) | rum with spices (1,900) | coconut rum (1,600) | kraken black spiced rum (1,600) | bacardi rum (1,300) | dark rum (1,300)","Commercial / Transactional"
"5","https://doctorsofwhisky.com.au/shop/spirit/martell-noblige-cognac-brandy/","Product","martell vsop","Commercial","880","13","easy","","martell vsop | buy martell vsop online | martell vsop Australia | martell | martell xo | martell cognac xo","martell (1,900) | martell xo (880) | martell cognac xo (480) | martell vs (260) | martell cognac vsop (210) | martell xo cognac (210) | vsop cognac martell (170) | martell cognac vs (170) | vsop martell (170) | cognac martell vs (140)","Commercial"
"5","https://doctorsofwhisky.com.au/shop/beer-premix-wine/hard-rated-30-pack-vodka-premix/","Product","hard cider","Commercial","880","19","medium","","hard cider | buy hard cider online | hard cider Australia | smirnoff vodka | cruiser | cheap vodka","smirnoff vodka (12,100) | cruiser (5,400) | cheap vodka (3,600) | premixed drinks (1,300) | vodka bottle (1,300) | premix drinks (1,000) | vodka smirnoff (720) | cruiser drink (720) | vodka cruiser double (720) | bottle of vodka (720)","Commercial"
"5","https://doctorsofwhisky.com.au/shop/beer-premix-wine/pure-blonde-ultra-low-carb-lager-case-4-x-6-pack-bottles/","Product","pure blonde cider","Commercial","880","17","medium","","pure blonde cider | buy pure blonde cider online | pure blonde cider Australia | low carb beer | carb friendly beer | mid strength beer","low carb beer (2,900) | carb friendly beer (2,400) | mid strength beer (1,300) | zero carb beer (1,300) | low calorie beer (1,300) | lightweight beer (1,000) | carbless beer (1,000) | no carb beer (880) | low carb beer australia (880) | lowest calorie beer (880)","Commercial"
"5","https://doctorsofwhisky.com.au/shop/other/ilpoom-jinro-1924-heritage-premium-soju/","Product","jinro","Informational","720","21","medium","","jinro | buy jinro online | jinro Australia | soju alcohol | jinro soju | korean wine soju","soju alcohol (1,600) | jinro soju (1,300) | korean wine soju (480) | soju bottle (480) | soju price (480) | lychee soju (480) | grape soju (390) | soju lychee (390) | chamisul soju (260) | good day soju (260)","Commercial / Transactional"
"5","https://doctorsofwhisky.com.au/shop/spirit/red-ak47-russian-vodka/","Product","russian vodka","Commercial","720","10","easy","","russian vodka | buy russian vodka online | russian vodka Australia | smirnoff vodka | vodka bottle | vodka to drink","smirnoff vodka (12,100) | vodka bottle (1,300) | vodka to drink (1,000) | crystal head vodka (880) | vodka smirnoff (720) | polish vodka (720) | bottle of vodka (720) | vodka cheap (720) | cheapest vodka (720) | 700ml vodka (590)","Commercial"
"5","https://doctorsofwhisky.com.au/shop/spirit/belvedere-mango-gb-polish-vodka/","Product","belvedere reserve","Informational","720","19","medium","","belvedere reserve | buy belvedere reserve online | belvedere reserve Australia | absolut vodka | belvedere vodka | ciroc vodka","absolut vodka (8,100) | belvedere vodka (6,600) | ciroc vodka (1,900) | vodka to drink (1,000) | tito's vodka (1,000) | crystal head vodka (880) | ketel one vodka (880) | polish vodka (720) | russian vodka (720) | belvedere vodka 700ml (590)","Commercial"
"5","https://doctorsofwhisky.com.au/shop/spirit/patron-silver-patron/","Product","patron silver tequila","Commercial","720","17","medium","","patron silver tequila | buy patron silver tequila online | patron silver tequila Australia | patron | patron tequila | patron silver","patron (8,100) | patron tequila (3,600) | patron silver (1,000) | patron coffee (720) | silver patron (590) | coffee patron (590) | tequila patron (480) | patron tequila silver (320) | patron silver tequila 700ml (320) | patron xo (260)","Commercial"
"5","https://doctorsofwhisky.com.au/shop/spirit/don-julio-reposado-don-julio/","Product","don julio reposado","Commercial","720","17","medium","","don julio reposado | buy don julio reposado online | don julio reposado Australia | don julio | don julio tequila | don julio brands","don julio (8,100) | don julio tequila (1,600) | don julio brands (1,000) | reposado don julio (720) | tequila don julio reposado (590) | don julio reposado tequila (480) | don julio anejo (480) | tequila don julio (480) | don julio blanco tequila (480) | don julio tequila reposado (390)","Commercial / Transactional"
"5","https://doctorsofwhisky.com.au/shop/spirit/courvoisier-extra-nogb-cognac-brandy/","Product","courvoisier","Informational","720","21","medium","","courvoisier | buy courvoisier online | courvoisier Australia | cognac | hennessy xo | martell","cognac (9,900) | hennessy xo (2,400) | martell (1,900) | martell blue swift (1,900) | martell swift blue (1,600) | black bottle brandy (1,000) | cherry brandy (880) | martell vsop (880) | martell xo (880) | louis xiii cognac (720)","Commercial"
"5","https://doctorsofwhisky.com.au/shop/spirit/remy-martin-vsop-50ml-cognac-brandy/","Product","remy martin vsop","Informational","720","21","medium","","remy martin vsop | buy remy martin vsop online | remy martin vsop Australia | cognac | hennessy xo | martell","cognac (9,900) | hennessy xo (2,400) | martell (1,900) | martell blue swift (1,900) | martell swift blue (1,600) | black bottle brandy (1,000) | cherry brandy (880) | martell vsop (880) | martell xo (880) | remy martin xo (480)","Commercial"
"5","https://doctorsofwhisky.com.au/shop/spirit/baileys-1l-baileys-irish-cream/","Product","baileys irish cream liqueur","Transactional","720","26","harder","","baileys irish cream liqueur | buy baileys irish cream liqueur online | baileys irish cream liqueur Australia | baileys irish cream | baileys irish cream 1l | baileys 1l","baileys irish cream (6,600) | baileys irish cream 1l (720) | baileys 1l (720) | baileys irish cream 1 litre (590) | baileys irish cream 1 litre best price (590) | baileys irish cream liqueur 1 litre (480) | baileys liqueur 1l (480) | baileys irish cream 1l best price (390) | baileys irish cream abv (390) | best price baileys irish cream 1 litre (260)","Commercial"
"5","https://doctorsofwhisky.com.au/shop/spirit/kahlua-16abv-coffee-liqueur/","Product","kahlua coffee liqueur","Commercial","720","13","easy","","kahlua coffee liqueur | buy kahlua coffee liqueur online | kahlua coffee liqueur Australia | kahlua | coffee liqueur | coffee and liqueur","kahlua (9,900) | coffee liqueur (2,900) | coffee and liqueur (590) | kahlua and coffee liqueur (590) | coffee whiskey (320) | kahlua liqueur coffee (260) | best coffee liqueur (260) | liqueur coffee (210) | coffee liquour (170) | mr black coffee liqueur 700ml (170)","Commercial"