No,Product name,Brand,Size,Collection,Price AUD,Save picture as,Product page
"1","Stone & Wood Pacific Ale 4 x 6 Pack Bottles","Stone & Wood","330ml","Australian Beer","79.99","stone-and-wood-pacific-ale-4-x-6-pack-bottles.jpg","https://doctorsofwhisky.com.au/shop/beer-premix-wine/stone-and-wood-pacific-ale-4-x-6-pack-bottles/"
"2","Victoria Bitter VB Beer Block Cans","Victoria Bitter","30x 375ml","Australian Beer","69.99","victoria-bitter-vb-beer-block-cans.jpg","https://doctorsofwhisky.com.au/shop/beer-premix-wine/victoria-bitter-vb-beer-block-cans/"
"3","Victoria Bitter VB Beer Case 4 x 6 Pack Bottles","Victoria Bitter","375ml","Australian Beer","59.99","victoria-bitter-vb-beer-case-4-x-6-pack-bottles.jpg","https://doctorsofwhisky.com.au/shop/beer-premix-wine/victoria-bitter-vb-beer-case-4-x-6-pack-bottles/"
"4","Victoria Bitter VB Beer Case Cans","Victoria Bitter","24x 375ml","Australian Beer","57.99","victoria-bitter-vb-beer-case-cans.jpg","https://doctorsofwhisky.com.au/shop/beer-premix-wine/victoria-bitter-vb-beer-case-cans/"
"5","Alexander Hill Premium Selection Cabernet Sauvignon Big River Riverina","Taylor Ferguson & Co","750ml","Cabernet Sauvignon","9.99","alexander-hill-premium-selection-cabernet-sauvignon-big-river-riverina.jpg","https://doctorsofwhisky.com.au/shop/beer-premix-wine/alexander-hill-premium-selection-cabernet-sauvignon-big-river-riverina/"
"6","Holy Cab! Victorian Cabernet Sauvignon Red Wine Magnum","Holy Cab!","1.5L","Cabernet Sauvignon","14.99","holy-cab-victorian-cabernet-sauvignon-red-wine-magnum.jpg","https://doctorsofwhisky.com.au/shop/beer-premix-wine/holy-cab-victorian-cabernet-sauvignon-red-wine-magnum/"
"7","Jacob's Creek Classic Cabernet Sauvignon Red Wine Case","Jacob's Creek","6x 750ml","Cabernet Sauvignon","44.99","jacob-s-creek-classic-cabernet-sauvignon-red-wine-case.jpg","https://doctorsofwhisky.com.au/shop/beer-premix-wine/jacob-s-creek-classic-cabernet-sauvignon-red-wine-case/"
"8","Passing Clouds The Angel Bendigo Cabernet Sauvignon 2019","Passing Clouds","750ml","Cabernet Sauvignon","49.99","passing-clouds-the-angel-bendigo-cabernet-sauvignon-2019.jpg","https://doctorsofwhisky.com.au/shop/beer-premix-wine/passing-clouds-the-angel-bendigo-cabernet-sauvignon-2019/"
"9","Pepperjack Barossa Cabernet Sauvignon Red Wine","Pepperjack","750ml","Cabernet Sauvignon","17.99","pepperjack-barossa-cabernet-sauvignon-red-wine.jpg","https://doctorsofwhisky.com.au/shop/beer-premix-wine/pepperjack-barossa-cabernet-sauvignon-red-wine/"
"10","Slayer Reign In Blood Cabernet Sauvignon Red Wine","Slayer","750ml","Cabernet Sauvignon","49.99","slayer-reign-in-blood-cabernet-sauvignon-red-wine.jpg","https://doctorsofwhisky.com.au/shop/beer-premix-wine/slayer-reign-in-blood-cabernet-sauvignon-red-wine/"
"11","Krug Grande Cuvee Brut M.V. Half Bottle Champagne","Krug","375ml","Champagne","200.99","krug-grande-cuvee-brut-m-v-half-bottle-champagne.jpg","https://doctorsofwhisky.com.au/shop/beer-premix-wine/krug-grande-cuvee-brut-m-v-half-bottle-champagne/"
"12","Laurent-Perrier Grand Siècle No. 24 Champagne","Laurent-Perrier","750ml","Champagne","264.99","laurent-perrier-grand-siecle-no-24-champagne.jpg","https://doctorsofwhisky.com.au/shop/beer-premix-wine/laurent-perrier-grand-siecle-no-24-champagne/"
"13","Laurent-Perrier Harmony Demi-Sec Champagne","Laurent-Perrier","750ml","Champagne","78.99","laurent-perrier-harmony-demi-sec-champagne.jpg","https://doctorsofwhisky.com.au/shop/beer-premix-wine/laurent-perrier-harmony-demi-sec-champagne/"
"14","Laurent-Perrier La Cuvee Brut Champagne NV","Laurent-Perrier","750ml","Champagne","74.99","laurent-perrier-la-cuvee-brut-champagne-nv.jpg","https://doctorsofwhisky.com.au/shop/beer-premix-wine/laurent-perrier-la-cuvee-brut-champagne-nv/"
"15","Laurent-Perrier La Cuvee Brut Rose Champagne NV","Laurent-Perrier","750ml","Champagne","139.99","laurent-perrier-la-cuvee-brut-rose-champagne-nv.jpg","https://doctorsofwhisky.com.au/shop/beer-premix-wine/laurent-perrier-la-cuvee-brut-rose-champagne-nv/"
"16","Laurent-Perrier La Cuvee Brut Rose Champagne NV Magnum","Laurent-Perrier","1.5L","Champagne","289.99","laurent-perrier-la-cuvee-brut-rose-champagne-nv-magnum.jpg","https://doctorsofwhisky.com.au/shop/beer-premix-wine/laurent-perrier-la-cuvee-brut-rose-champagne-nv-magnum/"
"17","Strongbow Original Apple Cider Case Bottles","Strongbow","24x 355ml","Cider","44.99","strongbow-original-apple-cider-case-bottles.jpg","https://doctorsofwhisky.com.au/shop/beer-premix-wine/strongbow-original-apple-cider-case-bottles/"
"18","Warsteiner German Pilsner Imported Beer Case Bottles","Warsteiner","24x 330ml","German Beer","59.99","warsteiner-german-pilsner-imported-beer-case-bottles.jpg","https://doctorsofwhisky.com.au/shop/beer-premix-wine/warsteiner-german-pilsner-imported-beer-case-bottles/"
"19","Penfolds Bin 138 Shiraz Grenache Mataro 2018","Penfolds","750ml","Grenache","41.99","penfolds-bin-138-shiraz-grenache-mataro-2018.jpg","https://doctorsofwhisky.com.au/shop/beer-premix-wine/penfolds-bin-138-shiraz-grenache-mataro-2018/"
"20","Serafino McLaren Vale GSM Grenache Blend","Serafino","750ml","Grenache","21.99","serafino-mclaren-vale-gsm-grenache-blend.jpg","https://doctorsofwhisky.com.au/shop/beer-premix-wine/serafino-mclaren-vale-gsm-grenache-blend/"
"21","Kirin Ichiban Japanese Beer Case 4 x 6 Bottles","Kirin","330ml","Imported Beer","58.99","kirin-ichiban-japanese-beer-case-4-x-6-bottles.jpg","https://doctorsofwhisky.com.au/shop/beer-premix-wine/kirin-ichiban-japanese-beer-case-4-x-6-bottles/"
"22","Tsingtao Beer Imported Case 4 x 6 Pack Bottles","Tsingtao","330ml","Imported Beer","52.99","tsingtao-beer-imported-case-4-x-6-pack-bottles.jpg","https://doctorsofwhisky.com.au/shop/beer-premix-wine/tsingtao-beer-imported-case-4-x-6-pack-bottles/"
"23","Pure Blonde Ultra Low Carb Lager Case 4 x 6 Pack Bottles","Pure Blonde","355ml","Low Carb & Mid Strength Beer","58.99","pure-blonde-ultra-low-carb-lager-case-4-x-6-pack-bottles.jpg","https://doctorsofwhisky.com.au/shop/beer-premix-wine/pure-blonde-ultra-low-carb-lager-case-4-x-6-pack-bottles/"
"24","Carlsberg Green Pilsner Beer Case Cans","Carlsberg","24x 500ml","Pilsner","64.99","carlsberg-green-pilsner-beer-case-cans.jpg","https://doctorsofwhisky.com.au/shop/beer-premix-wine/carlsberg-green-pilsner-beer-case-cans/"
"25","Grolsch Premium Pilsner Imported Beer Case Cans","Grolsch","24x 500ml","Pilsner","74.99","grolsch-premium-pilsner-imported-beer-case-cans.jpg","https://doctorsofwhisky.com.au/shop/beer-premix-wine/grolsch-premium-pilsner-imported-beer-case-cans/"
"26","Pilsner Urquell Imported Beer Case Cans","Pilsner Urquell","24x 500ml","Pilsner","69.99","pilsner-urquell-imported-beer-case-cans.jpg","https://doctorsofwhisky.com.au/shop/beer-premix-wine/pilsner-urquell-imported-beer-case-cans/"
"27","Farmer & The Scientist Heathcote Pinot Grigio 2021","Farmer & The Scientist","750ml","Pinot Grigio","22.99","farmer-and-the-scientist-heathcote-pinot-grigio-2021.jpg","https://doctorsofwhisky.com.au/shop/beer-premix-wine/farmer-and-the-scientist-heathcote-pinot-grigio-2021/"
"28","Three Trails South Eastern Australian Pinot Grigio","Three Trails","750ml","Pinot Grigio","11.99","three-trails-south-eastern-australian-pinot-grigio.jpg","https://doctorsofwhisky.com.au/shop/beer-premix-wine/three-trails-south-eastern-australian-pinot-grigio/"
"29","Brown Brothers King Valley Prosecco NV","Brown Brothers","750ml","Prosecco","13.99","brown-brothers-king-valley-prosecco-nv.jpg","https://doctorsofwhisky.com.au/shop/beer-premix-wine/brown-brothers-king-valley-prosecco-nv/"
"30","De Bortoli King Valley Prosecco","De Bortoli","750ml","Prosecco","12.99","de-bortoli-king-valley-prosecco.jpg","https://doctorsofwhisky.com.au/shop/beer-premix-wine/de-bortoli-king-valley-prosecco/"
"31","Nua NV Prosecco","Nua","750ml","Prosecco","10.99","nua-nv-prosecco.jpg","https://doctorsofwhisky.com.au/shop/beer-premix-wine/nua-nv-prosecco/"
"32","Alexander Hill Premium Selection Sauvignon Blanc Big Rivers Riverina","Taylor Ferguson & Co","750ml","Sauvignon Blanc","9.99","alexander-hill-premium-selection-sauvignon-blanc-big-rivers-riverina.jpg","https://doctorsofwhisky.com.au/shop/beer-premix-wine/alexander-hill-premium-selection-sauvignon-blanc-big-rivers-riverina/"
"33","Charlotte’s Inlet Adelaide Hills Sauvignon Blanc","Charlotte’s Inlet","750ml","Sauvignon Blanc","11.99","charlotte-s-inlet-adelaide-hills-sauvignon-blanc.jpg","https://doctorsofwhisky.com.au/shop/beer-premix-wine/charlotte-s-inlet-adelaide-hills-sauvignon-blanc/"
"34","Gentleman's Duel South Australian Sauvignon Blanc","Gentleman's Duel","750ml","Sauvignon Blanc","9.99","gentleman-s-duel-south-australian-sauvignon-blanc.jpg","https://doctorsofwhisky.com.au/shop/beer-premix-wine/gentleman-s-duel-south-australian-sauvignon-blanc/"
"35","Rosetta Estate South Australian Sauvignon Blanc","Rosetta Estate","750ml","Sauvignon Blanc","11.99","rosetta-estate-south-australian-sauvignon-blanc.jpg","https://doctorsofwhisky.com.au/shop/beer-premix-wine/rosetta-estate-south-australian-sauvignon-blanc/"
"36","Vine Hill McLaren Vale Sauvignon Blanc 2021","Vine Hill","750ml","Sauvignon Blanc","14.99","vine-hill-mclaren-vale-sauvignon-blanc-2021.jpg","https://doctorsofwhisky.com.au/shop/beer-premix-wine/vine-hill-mclaren-vale-sauvignon-blanc-2021/"
"37","Smirnoff ICE Original Pre-Mix Vodka Case Bottles","Smirnoff","24x 275ml","Vodka Premix","79.99","smirnoff-ice-original-pre-mix-vodka-case-bottles.jpg","https://doctorsofwhisky.com.au/shop/beer-premix-wine/smirnoff-ice-original-pre-mix-vodka-case-bottles/"
"38","Vodka Cruiser Sugar Free Mixed Berry 6 x 4 Pack Bottles","Vodka Cruiser","275ml","Vodka Premix","59.99","vodka-cruiser-sugar-free-mixed-berry-6-x-4-pack-bottles.jpg","https://doctorsofwhisky.com.au/shop/beer-premix-wine/vodka-cruiser-sugar-free-mixed-berry-6-x-4-pack-bottles/"
"39","Pepsi Max No Sugar Plastic Bottles","Pepsi","24x 450ml","Mixers, Water & Condiments","22.99","pepsi-max-no-sugar-plastic-bottles.jpg","https://doctorsofwhisky.com.au/shop/other/pepsi-max-no-sugar-plastic-bottles/"
"40","Baileys Australian River Mint & Chocolate Limited Edition Irish Cream Liqueur","Baileys","700ml","Baileys Irish Cream","41.99","baileys-australian-river-mint-and-chocolate-limited-edition-irish-cream-liqueur.jpg","https://doctorsofwhisky.com.au/shop/spirit/baileys-australian-river-mint-and-chocolate-limited-edition-irish-cream-liqueur/"
"41","Armagnac Sponge 58 Year Old 1963 NAS No. 2 Single Cask Bas Armagnac","Armagnac Sponge","700ml","Cognac & Brandy","899.99","armagnac-sponge-58-year-old-1963-nas-no-2-single-cask-bas-armagnac.jpg","https://doctorsofwhisky.com.au/shop/spirit/armagnac-sponge-58-year-old-1963-nas-no-2-single-cask-bas-armagnac/"
"42","Chabot Coeur Gold XO Armagnac","Chabot","500ml","Cognac & Brandy","119.99","chabot-coeur-gold-xo-armagnac.jpg","https://doctorsofwhisky.com.au/shop/spirit/chabot-coeur-gold-xo-armagnac/"
"43","Janneau 12 Year Old Grand Armagnac","Janneau","700ml","Cognac & Brandy","74.99","janneau-12-year-old-grand-armagnac.jpg","https://doctorsofwhisky.com.au/shop/spirit/janneau-12-year-old-grand-armagnac/"
"44","Licor 43 Horchata Spanish Cream Liqueur","Licor 43","700ml","Liqueurs","36.99","licor-43-horchata-spanish-cream-liqueur.jpg","https://doctorsofwhisky.com.au/shop/spirit/licor-43-horchata-spanish-cream-liqueur/"
"45","Licor 43 Spanish Liqueur","Licor 43","700ml","Liqueurs","54.99","licor-43-spanish-liqueur.jpg","https://doctorsofwhisky.com.au/shop/spirit/licor-43-spanish-liqueur/"
"46","Sour Puss Apple Blended Liqueur","Wet Pussy","700ml","Liqueurs","20.99","sour-puss-apple-blended-liqueur.jpg","https://doctorsofwhisky.com.au/shop/spirit/sour-puss-apple-blended-liqueur/"
"47","Sour Puss Sour Cola Blended Liqueur","Wet Pussy","700ml","Liqueurs","20.99","sour-puss-sour-cola-blended-liqueur.jpg","https://doctorsofwhisky.com.au/shop/spirit/sour-puss-sour-cola-blended-liqueur/"
"48","Sour Puss Sour Peach Blended Liqueur","Wet Pussy","700ml","Liqueurs","20.99","sour-puss-sour-peach-blended-liqueur.jpg","https://doctorsofwhisky.com.au/shop/spirit/sour-puss-sour-peach-blended-liqueur/"
"49","Ouzo 12 Liqueur","Ouzo 12","700ml","Ouzo","43.99","ouzo-12.jpg","https://doctorsofwhisky.com.au/shop/spirit/ouzo-12/"
"50","Ouzo Mini","Mini Of Mytilene","700ml","Ouzo","45.99","ouzo-mini.jpg","https://doctorsofwhisky.com.au/shop/spirit/ouzo-mini/"
"51","Elsker Dry Pink Gin","Elsker","1L","Pink Gin","84.99","elsker-dry-pink-gin.jpg","https://doctorsofwhisky.com.au/shop/spirit/elsker-dry-pink-gin/"
"52","Malibu Caribbean Rum With Coconut Liqueur","Malibu","750ml","Rum","35.99","malibu-caribbean-rum-with-coconut-liqueur.jpg","https://doctorsofwhisky.com.au/shop/spirit/malibu-caribbean-rum-with-coconut-liqueur/"
"53","Malibu Caribbean Rum With Pineapple Liqueur","Malibu","1L","Rum","49.99","malibu-caribbean-rum-with-pineapple-liqueur.jpg","https://doctorsofwhisky.com.au/shop/spirit/malibu-caribbean-rum-with-pineapple-liqueur/"
"54","Absolut Swedish Vodka","Absolut","700ml","Vodka","49.99","absolut-swedish-vodka.jpg","https://doctorsofwhisky.com.au/shop/spirit/absolut-swedish-vodka/"
"55","Absolut Tabasco Chilli Pepper Flavoured Swedish Vodka","Absolut","1L","Vodka","79.99","absolut-tabasco-chilli-pepper-flavoured-swedish-vodka.jpg","https://doctorsofwhisky.com.au/shop/spirit/absolut-tabasco-chilli-pepper-flavoured-swedish-vodka/"
"56","Jim Beam 8 Year Old Pin Bottle 235th Anniversary 2025 Limited Edition Kentucky Straight Bourbon Whiskey","Jim Beam","750ml","Bourbon Whiskey","549.99","jim-beam-8-year-old-pin-bottle-235th-anniversary-2025-limited-edition-kentucky-straight-bourbon-whiskey.jpg","https://doctorsofwhisky.com.au/shop/whisky/jim-beam-8-year-old-pin-bottle-235th-anniversary-2025-limited-edition-kentucky-straight-bourbon-whiskey/"
"57","Jim Beam White Label 40% Kentucky Straight Bourbon Whiskey","Jim Beam","1L","Bourbon Whiskey","62.99","jim-beam-white-label-40-kentucky-straight-bourbon-whiskey.jpg","https://doctorsofwhisky.com.au/shop/whisky/jim-beam-white-label-40-kentucky-straight-bourbon-whiskey/"
"58","Jim Beam White Label Kentucky Bourbon Whiskey","Jim Beam","700ml","Bourbon Whiskey","43.99","jim-beam-white-label-kentucky-bourbon-whiskey.jpg","https://doctorsofwhisky.com.au/shop/whisky/jim-beam-white-label-kentucky-bourbon-whiskey/"
"59","Woodford Reserve Baccarat Edition Kentucky Bourbon Whiskey","Woodford Reserve","700ml","Bourbon Whiskey","1699.99","woodford-reserve-baccarat-edition-kentucky-bourbon-whiskey.jpg","https://doctorsofwhisky.com.au/shop/whisky/woodford-reserve-baccarat-edition-kentucky-bourbon-whiskey/"
"60","Woodford Reserve Double Oaked Kentucky Straight Bourbon Whiskey","Woodford Reserve","700ml","Bourbon Whiskey","94.99","woodford-reserve-double-oaked-kentucky-straight-bourbon-whiskey.jpg","https://doctorsofwhisky.com.au/shop/whisky/woodford-reserve-double-oaked-kentucky-straight-bourbon-whiskey/"
"61","Woodford Reserve Rare Release Double XO Blend Kentucky Straight Bourbon Whiskey","Woodford Reserve","700ml","Bourbon Whiskey","199.99","woodford-reserve-rare-release-double-xo-blend-kentucky-straight-bourbon-whiskey.jpg","https://doctorsofwhisky.com.au/shop/whisky/woodford-reserve-rare-release-double-xo-blend-kentucky-straight-bourbon-whiskey/"
"62","Bushmills 14 Year Old Malaga Cask Finish Single Malt Irish Whiskey","Bushmills","700ml","Irish Whiskey","114.99","bushmills-14-year-old-malaga-cask-finish-single-malt-irish-whiskey.jpg","https://doctorsofwhisky.com.au/shop/whisky/bushmills-14-year-old-malaga-cask-finish-single-malt-irish-whiskey/"
"63","Bushmills 21 Year Old Madeira Finish Single Malt Irish Whiskey","Bushmills","700ml","Irish Whiskey","289.99","bushmills-21-year-old-madeira-finish-single-malt-irish-whiskey.jpg","https://doctorsofwhisky.com.au/shop/whisky/bushmills-21-year-old-madeira-finish-single-malt-irish-whiskey/"
"64","Bushmills Original Blended Irish Whiskey","Bushmills","700ml","Irish Whiskey","49.99","bushmills-original-blended-irish-whiskey.jpg","https://doctorsofwhisky.com.au/shop/whisky/bushmills-original-blended-irish-whiskey/"
"65","Redbreast 12 Year Old Single Pot Still Irish Whiskey","Redbreast","700ml","Irish Whiskey","99.99","redbreast-12-year-old-single-pot-still-irish-whiskey.jpg","https://doctorsofwhisky.com.au/shop/whisky/redbreast-12-year-old-single-pot-still-irish-whiskey/"
"66","Redbreast 18 Year Old Single Pot Still Irish Whiskey","Redbreast","700ml","Irish Whiskey","299.99","redbreast-18-year-old-single-pot-still-irish-whiskey.jpg","https://doctorsofwhisky.com.au/shop/whisky/redbreast-18-year-old-single-pot-still-irish-whiskey/"
"67","Redbreast 21 Year Old Antipodes 2000 First Fill Oloroso Sherry Cask Strength Irish Whiskey","Redbreast","700ml","Irish Whiskey","799.99","redbreast-21-year-old-antipodes-2000-first-fill-oloroso-sherry-cask-strength-irish-whiskey.jpg","https://doctorsofwhisky.com.au/shop/whisky/redbreast-21-year-old-antipodes-2000-first-fill-oloroso-sherry-cask-strength-irish-whiskey/"
"68","Hibiki 30 Year Old Blended Japanese Suntory Whisky","Hibiki","700ml","Japanese Whisky","7599.99","hibiki-30-year-old-blended-japanese-suntory-whisky.jpg","https://doctorsofwhisky.com.au/shop/whisky/hibiki-30-year-old-blended-japanese-suntory-whisky/"
"69","Hibiki Blossom Harmony Limited Edition 2021 Suntory Whisky","Hibiki","700ml","Japanese Whisky","649.99","hibiki-blossom-harmony-limited-edition-2021-suntory-whisky.jpg","https://doctorsofwhisky.com.au/shop/whisky/hibiki-blossom-harmony-limited-edition-2021-suntory-whisky/"
"70","Hibiki Harmony Suntory Japanese Blended Whisky","Hibiki","700ml","Japanese Whisky","159.99","hibiki-harmony-suntory-japanese-blended-whisky.jpg","https://doctorsofwhisky.com.au/shop/whisky/hibiki-harmony-suntory-japanese-blended-whisky/"
"71","Aberlour 12 Year Old Non-Chill Filtered Single Malt Scotch Whisky","Aberlour","700ml","Scotch Whisky","109.99","aberlour-12-year-old-non-chill-filtered-single-malt-scotch-whisky.jpg","https://doctorsofwhisky.com.au/shop/whisky/aberlour-12-year-old-non-chill-filtered-single-malt-scotch-whisky/"
"72","Aberlour 16 Year Old 2005 Single Cask Sherry Butt Cask Strength Single Malt Scotch Whisky","Aberlour","700ml","Scotch Whisky","299.99","aberlour-16-year-old-2005-single-cask-sherry-butt-cask-strength-single-malt-scotch-whisky.jpg","https://doctorsofwhisky.com.au/shop/whisky/aberlour-16-year-old-2005-single-cask-sherry-butt-cask-strength-single-malt-scotch-whisky/"
"73","Aberlour A'bunadh Batch 76 Cask Strength Single Malt Scotch Whisky","Aberlour","700ml","Scotch Whisky","144.99","aberlour-a-bunadh-batch-76-cask-strength-single-malt-scotch-whisky.jpg","https://doctorsofwhisky.com.au/shop/whisky/aberlour-a-bunadh-batch-76-cask-strength-single-malt-scotch-whisky/"
"74","Ardbeg 14 Year Old 'The Unicorn's Tale' Anthology Limited Edition Single Malt Scotch Whisky","Ardbeg","700ml","Scotch Whisky","224.99","ardbeg-14-year-old-the-unicorn-s-tale-anthology-limited-edition-single-malt-scotch-whisky.jpg","https://doctorsofwhisky.com.au/shop/whisky/ardbeg-14-year-old-the-unicorn-s-tale-anthology-limited-edition-single-malt-scotch-whisky/"
"75","Ardbeg Anthology Collection Limited Edition Single Malt Scotch Whisky","Ardbeg","3x 700ml","Scotch Whisky","649.99","ardbeg-anthology-collection-limited-edition-single-malt-scotch-whisky.jpg","https://doctorsofwhisky.com.au/shop/whisky/ardbeg-anthology-collection-limited-edition-single-malt-scotch-whisky/"
"76","Ardbeg Smoketrails Manzanilla Limited Edition Single Malt Scotch Whisky","Ardbeg","1L","Scotch Whisky","159.99","ardbeg-smoketrails-manzanilla-limited-edition-single-malt-scotch-whisky.jpg","https://doctorsofwhisky.com.au/shop/whisky/ardbeg-smoketrails-manzanilla-limited-edition-single-malt-scotch-whisky/"
"77","Ballantine's 40 Year Old Rare Limited Release Blended Scotch Whisky","Ballantines","700ml","Scotch Whisky","14999.99","ballantine-s-40-year-old-rare-limited-release-blended-scotch-whisky.jpg","https://doctorsofwhisky.com.au/shop/whisky/ballantine-s-40-year-old-rare-limited-release-blended-scotch-whisky/"
"78","Ballantine's Finest Blended Scotch Whisky","Ballantines","700ml","Scotch Whisky","48.99","ballantine-s-finest-blended-scotch-whisky.jpg","https://doctorsofwhisky.com.au/shop/whisky/ballantine-s-finest-blended-scotch-whisky/"
"79","Ballantines 17 Year Old Blended Scotch Whisky","Ballantines","700ml","Scotch Whisky","119.99","ballantines-17-year-old-blended-scotch-whisky.jpg","https://doctorsofwhisky.com.au/shop/whisky/ballantines-17-year-old-blended-scotch-whisky/"
"80","Balvenie 12 Year Old Golden Cask Rum Cask Finish Single Malt Scotch Whisky","Balvenie","700ml","Scotch Whisky","119.99","balvenie-12-year-old-golden-cask-rum-cask-finish-single-malt-scotch-whisky.jpg","https://doctorsofwhisky.com.au/shop/whisky/balvenie-12-year-old-golden-cask-rum-cask-finish-single-malt-scotch-whisky/"
"81","Balvenie 16 Year Old French Oak Pineau Cask Single Malt Scotch Whisky","Balvenie","700ml","Scotch Whisky","299.99","balvenie-16-year-old-french-oak-pineau-cask-single-malt-scotch-whisky.jpg","https://doctorsofwhisky.com.au/shop/whisky/balvenie-16-year-old-french-oak-pineau-cask-single-malt-scotch-whisky/"
"82","Balvenie 25 Year Old Rare Marriages Single Malt Scotch Whisky","Balvenie","700ml","Scotch Whisky","1249.99","balvenie-25-year-old-rare-marriages-single-malt-scotch-whisky.jpg","https://doctorsofwhisky.com.au/shop/whisky/balvenie-25-year-old-rare-marriages-single-malt-scotch-whisky/"
"83","Chivas Regal 12 Year Old Signature Blend Blended Scotch Whisky","Chivas Regal","1L","Scotch Whisky","75.99","chivas-regal-12-year-old-signature-blend-blended-scotch-whisky.jpg","https://doctorsofwhisky.com.au/shop/whisky/chivas-regal-12-year-old-signature-blend-blended-scotch-whisky/"
"84","Chivas Regal 18 Year Old Gold Signature Scotch Whisky","Chivas Regal","750ml","Scotch Whisky","114.99","chivas-regal-18-year-old-gold-signature-scotch-whisky.jpg","https://doctorsofwhisky.com.au/shop/whisky/chivas-regal-18-year-old-gold-signature-scotch-whisky/"
"85","Chivas Regal 18 Year Old Pauillac Cask Finish Blended Scotch Whisky","Chivas Regal","1L","Scotch Whisky","199.99","chivas-regal-18-year-old-pauillac-cask-finish-blended-scotch-whisky.jpg","https://doctorsofwhisky.com.au/shop/whisky/chivas-regal-18-year-old-pauillac-cask-finish-blended-scotch-whisky/"
"86","Dalmore 21 Year Old + King Alexander III Single Malt Scotch Whisky","The Dalmore","2x 700ml","Scotch Whisky","999.99","dalmore-21-year-old-king-alexander-iii-single-malt-scotch-whisky.jpg","https://doctorsofwhisky.com.au/shop/whisky/dalmore-21-year-old-king-alexander-iii-single-malt-scotch-whisky/"
"87","Dimple 12 Year Old Fine Blended Scotch Whisky","Dimple","700ml","Scotch Whisky","49.99","dimple-12-year-old-fine-blended-scotch-whisky.jpg","https://doctorsofwhisky.com.au/shop/whisky/dimple-12-year-old-fine-blended-scotch-whisky/"
"88","Glenlivet 18 Year Old 43% Single Malt Scotch Whisky","Glenlivet","700ml","Scotch Whisky","179.99","glenlivet-18-year-old-43-single-malt-scotch-whisky.jpg","https://doctorsofwhisky.com.au/shop/whisky/glenlivet-18-year-old-43-single-malt-scotch-whisky/"
"89","Glenlivet 25 Year Old The Sample Room Collection Single Malt Scotch Whisky","Glenlivet","700ml","Scotch Whisky","599.99","glenlivet-25-year-old-the-sample-room-collection-single-malt-scotch-whisky.jpg","https://doctorsofwhisky.com.au/shop/whisky/glenlivet-25-year-old-the-sample-room-collection-single-malt-scotch-whisky/"
"90","Glenmorangie 14 Year Old The Quinta Ruban Port Cask Single Malt Scotch Whisky","Glenmorangie","750ml","Scotch Whisky","109.99","glenmorangie-14-year-old-the-quinta-ruban-port-cask-single-malt-scotch-whisky.jpg","https://doctorsofwhisky.com.au/shop/whisky/glenmorangie-14-year-old-the-quinta-ruban-port-cask-single-malt-scotch-whisky/"
"91","Glenmorangie 18 Year Old Extremely Rare Single Malt Scotch Whisky","Glenmorangie","750ml","Scotch Whisky","189.99","glenmorangie-18-year-old-extremely-rare-single-malt-scotch-whisky.jpg","https://doctorsofwhisky.com.au/shop/whisky/glenmorangie-18-year-old-extremely-rare-single-malt-scotch-whisky/"
"92","Glenmorangie 1996 Grand Vintage 23 Year Old Single Malt Scotch Whisky","Glenmorangie","700ml","Scotch Whisky","1099.99","glenmorangie-1996-grand-vintage-23-year-old-single-malt-scotch-whisky.jpg","https://doctorsofwhisky.com.au/shop/whisky/glenmorangie-1996-grand-vintage-23-year-old-single-malt-scotch-whisky/"
"93","Singleton of Glendullan Game of Thrones House of Tully Single Malt Scotch Whisky","The Singleton","700ml","Scotch Whisky","99.99","singleton-of-glendullan-game-of-thrones-house-of-tully-single-malt-scotch-whisky.jpg","https://doctorsofwhisky.com.au/shop/whisky/singleton-of-glendullan-game-of-thrones-house-of-tully-single-malt-scotch-whisky/"
"94","The Dalmore King Alexander III Single Malt Scotch Whisky","The Dalmore","700ml","Scotch Whisky","329.99","the-dalmore-king-alexander-iii-single-malt-scotch-whisky.jpg","https://doctorsofwhisky.com.au/shop/whisky/the-dalmore-king-alexander-iii-single-malt-scotch-whisky/"
"95","The Dalmore Port Wood Reserve Single Malt Scotch Whisky","The Dalmore","700ml","Scotch Whisky","139.99","the-dalmore-port-wood-reserve-single-malt-scotch-whisky.jpg","https://doctorsofwhisky.com.au/shop/whisky/the-dalmore-port-wood-reserve-single-malt-scotch-whisky/"
"96","Tomintoul 16 Year Old Speyside Glenlivet Single Malt Scotch Whisky","Tomintoul","700ml","Scotch Whisky","99.99","tomintoul-16-year-old-speyside-glenlivet-single-malt-scotch-whisky.jpg","https://doctorsofwhisky.com.au/shop/whisky/tomintoul-16-year-old-speyside-glenlivet-single-malt-scotch-whisky/"